Workbook
Name CHAMBRE: #REF!
Name CHAMBRE: #REF!
Name CHAMBRE: #REF!
Name eve: #REF!
Name ID: "60144a54-86a0-47d2-a174-bff17ff1ab1b"
Name ID: "4b87f5f1-95ae-4ea3-9982-41c83bacc0d4"
Name ID: "995d5dcf-c38c-4d72-8146-68eeb01e9d77"
Name ID: "33ac380a-637f-44ec-b090-8e76a0d8b7d2"
Name ID: "20541fec-2ad6-49f3-88f8-036f51f101c6"
Name ID: "2744ba14-1e13-44e3-b85d-610e97cc9436"
Name ID: "34de952b-5782-4085-9ff3-4197e80d0519"
Name ID: "5dfb4f60-dfef-478e-b572-6d84ca11220c"
Name ID: "a48ca980-bd16-4857-83c5-04df395cf5df"
Name ID: "4856a158-f6a0-42fd-8985-97a75c2ff6e9"
Name ID: "84f1fda5-4f42-4da6-97ae-83d72f1ee8b5"
Name ID: "46b5d57d-835c-45cd-a153-8db7dfdee164"
Name ID: "9db657a3-4005-4942-9644-3312b6a9af97"
Name ID: "c7f46df9-ea21-4c82-9ae2-b19cd1e99ee9"
Name ID: "b72319b6-5397-4665-9638-78492301febd"
Name ID: "0f85ba89-06c7-47b3-adfd-ec9143cb315e"
Name ID: "3e3c12a1-b6b1-41fd-8aaa-8c64ead3b672"
Name ID: "14811328-6be0-4bf0-8db5-a5ae35195543"
Name ok: #REF!
Name ok: #REF!
Name tata: #REF!
Name tata: #REF!
Name toto: #REF!

Sheet Feuil4
A1: ANNEE SCOLAIRE 2009-2010
B3: ZONE A | C3: ZONE B | D3: ZONE C
A4: Rentrée des enseignants (*) | B4: Mardi 1er septembre 2009
A5: Rentrée scolaire des élèves | B5: Mercredi 2 septembre 2009
A6: Toussaint | B6: Samedi 24 octobre 2009
B7: Jeudi 5 novembre 2009
A8: Noël | B8: Samedi 19 décembre 2009
B9: Lundi 4 janvier 2010
A10: Hiver | B10: Samedi 13 février 2010 | C10: Samedi 6 février 2010 | D10: Samedi 20 février 2010
B11: Lundi 1 mars 2010 | C11: Lundi 22 février 2010 | D11: Lundi 8 mars 2010
A12: Printemps | B12: Samedi 10 avril 2010 | C12: Samedi 3 avril 2010 | D12: Samedi 17 avril 2010
B13: Lundi 26 avril 2010 | C13: Lundi 19 avril 2010 | D13: Lundi 3 mai 2010
A14: Début des vacances d'été (**) | B14: Vendredi 2 juillet 2010
A15: (*) Deux demi-journées (ou un horaire équivalent), prises en dehors des heures de cours, seront dégagées, avant les vacances de la Toussaint, afin de permettre de prolonger la réflexion engagée lors de la journée de prérentrée.
A16: (**) Les enseignants appelés à participer aux opérations liées aux examens sont en service jusqu'à la date fixée pour la clôture de ces examens par la note de service établissant le calendrier de la session.
A17: Le départ en vacances a lieu après la classe, la reprise des cours le matin des jours indiqués.
A18: Lorsque les vacances débutent un mercredi, pour les élèves qui n'ont pas cours ce jour-là, le départ a lieu le mardi après les cours et la rentrée le jeudi.

Sheet 1,6
B1: 40179 | C1: 40180 | D1: 40181 | E1: 40182 | F1: 40183 | G1: 40184 | H1: 40185 | I1: 40186 | J1: 40187 | K1: 40188 | L1: 40189 | M1: 40190 | N1: 40191 | O1: 40192 | P1: 40193 | Q1: 40194 | R1: 40195 | S1: 40196 | T1: 40197 | U1: 40198 | V1: 40199 | W1: 40200 | X1: 40201 | Y1: 40202 | Z1: 40203 | AA1: 40204 | AB1: 40205 | AC1: 40206 | AD1: 40207 | AE1: 40208 | AF1: 40209
A2: Ind Cash | B2: 1716.4235 | C2: 1981.5529 | D2: 926.96471 | E2: 0 | F2: 0 | G2: 0 | H2: 0 | I2: 0 | J2: 0 | K2: 0 | L2: 0 | M2: 0 | N2: 0 | O2: 0 | P2: 0 | Q2: 0 | R2: 0 | S2: 0 | T2: 0 | U2: 0 | V2: 0 | W2: 0 | X2: 0 | Y2: 0 | Z2: 0 | AA2: 0 | AB2: 0 | AC2: 0 | AD2: 0 | AE2: 0 | AF2: 0
A3: Ind Résa | B3: 4016.2824 | C3: 4005.2706 | D3: 1280.0941 | E3: 0 | F3: 0 | G3: 0 | H3: 0 | I3: 0 | J3: 0 | K3: 0 | L3: 0 | M3: 0 | N3: 0 | O3: 0 | P3: 0 | Q3: 0 | R3: 0 | S3: 0 | T3: 0 | U3: 0 | V3: 0 | W3: 0 | X3: 0 | Y3: 0 | Z3: 0 | AA3: 0 | AB3: 0 | AC3: 0 | AD3: 0 | AE3: 0 | AF3: 0
A5: G. AD | B5: 0 | C5: 0 | D5: 0 | E5: 0 | F5: 0 | G5: 0 | H5: 0 | I5: 0 | J5: 0 | K5: 0 | L5: 0 | M5: 0 | N5: 0 | O5: 0 | P5: 0 | Q5: 0 | R5: 0 | S5: 0 | T5: 0 | U5: 0 | V5: 0 | W5: 0 | X5: 0 | Y5: 0 | Z5: 0 | AA5: 0 | AB5: 0 | AC5: 0 | AD5: 0 | AE5: 0 | AF5: 0
A6: G Jeune | B6: 0 | C6: 0 | D6: 0 | E6: 0 | F6: 0 | G6: 0 | H6: 0 | I6: 0 | J6: 0 | K6: 0 | L6: 0 | M6: 0 | N6: 0 | O6: 0 | P6: 0 | Q6: 0 | R6: 0 | S6: 0 | T6: 0 | U6: 0 | V6: 0 | W6: 0 | X6: 0 | Y6: 0 | Z6: 0 | AA6: 0 | AB6: 0 | AC6: 0 | AD6: 0 | AE6: 0 | AF6: 0
A8: Nocturne | B8: 0 | C8: 18.823529 | D8: 18.823529 | E8: 0 | F8: 0 | G8: 0 | H8: 0 | I8: 0 | J8: 0 | K8: 0 | L8: 0 | M8: 0 | N8: 0 | O8: 0 | P8: 0 | Q8: 0 | R8: 0 | S8: 0 | T8: 0 | U8: 0 | V8: 0 | W8: 0 | X8: 0 | Y8: 0 | Z8: 0 | AA8: 0 | AB8: 0 | AC8: 0 | AD8: 0 | AE8: 0 | AF8: 0
A9: Pass | B9: 112.94118 | C9: 112.94118 | D9: 112.94118 | E9: 0 | F9: 0 | G9: 0 | H9: 0 | I9: 0 | J9: 0 | K9: 0 | L9: 0 | M9: 0 | N9: 0 | O9: 0 | P9: 0 | Q9: 0 | R9: 0 | S9: 0 | T9: 0 | U9: 0 | V9: 0 | W9: 0 | X9: 0 | Y9: 0 | Z9: 0 | AA9: 0 | AB9: 0 | AC9: 0 | AD9: 0 | AE9: 0 | AF9: 0
A10: TA + Cong | B10: 16 | C10: 94.117647 | D10: 541.17647 | E10: 0 | F10: 658.82353 | G10: 0 | H10: 188.23529 | I10: 0 | J10: 21.647059 | K10: 0 | L10: 0 | M10: 0 | N10: 0 | O10: 322.82353 | P10: 59.294118 | Q10: 0 | R10: 0 | S10: 28.235294 | T10: 0 | U10: 235.29412 | V10: 941.17647 | W10: 94.117647 | X10: 68.705882 | Y10: 0 | Z10: 0 | AA10: 0 | AB10: 141.17647 | AC10: 0 | AD10: 0 | AE10: 376.47059 | AF10: 376.47059
A11: Invités | B11: 635.29412 | C11: 658.82353 | D11: 357.64706 | E11: 0 | F11: 0 | G11: 0 | H11: 0 | I11: 0 | J11: 0 | K11: 0 | L11: 0 | M11: 0 | N11: 0 | O11: 0 | P11: 0 | Q11: 0 | R11: 0 | S11: 0 | T11: 0 | U11: 0 | V11: 0 | W11: 0 | X11: 0 | Y11: 0 | Z11: 0 | AA11: 0 | AB11: 0 | AC11: 0 | AD11: 0 | AE11: 0 | AF11: 0
B13: 40210 | C13: 40211 | D13: 40212 | E13: 40213 | F13: 40214 | G13: 40215 | H13: 40216 | I13: 40217 | J13: 40218 | K13: 40219 | L13: 40220 | M13: 40221 | N13: 40222 | O13: 40223 | P13: 40224 | Q13: 40225 | R13: 40226 | S13: 40227 | T13: 40228 | U13: 40229 | V13: 40230 | W13: 40231 | X13: 40232 | Y13: 40233 | Z13: 40234 | AA13: 40235 | AB13: 40236 | AC13: 40237
A14: Ind Cash | B14: 0 | C14: 0 | D14: 0 | E14: 0 | F14: 0 | G14: 1454.1176 | H14: 960.84706 | I14: 790.68235 | J14: 1030.8706 | K14: 648.09412 | L14: 843.76471 | M14: 782.11765 | N14: 1798.8706 | O14: 1515.3882 | P14: 814.68235 | Q14: 1144.9412 | R14: 1110.1176 | S14: 1110.4 | T14: 1009.7882 | U14: 1221.9294 | V14: 1244.8941 | W14: 515.85882 | X14: 872.47059 | Y14: 765.74118 | Z14: 813.36471 | AA14: 694.11765 | AB14: 1259.2 | AC14: 888.65882
A15: Ind Résa | B15: 0 | C15: 0 | D15: 0 | E15: 0 | F15: 0 | G15: 1739.2941 | H15: 1219.8588 | I15: 1922.7294 | J15: 1506.5412 | K15: 1371.6706 | L15: 1113.8824 | M15: 2033.8824 | N15: 1852.8941 | O15: 2660.6118 | P15: 2979.2 | Q15: 3608.9412 | R15: 3172.2353 | S15: 2489.6 | T15: 2690.9176 | U15: 3095.2471 | V15: 2483.1059 | W15: 3424.8471 | X15: 3134.1176 | Y15: 2175.4353 | Z15: 3916.9882 | AA15: 3268.2353 | AB15: 2911.1529 | AC15: 2492.9882
A17: G. AD | B17: 0 | C17: 0 | D17: 0 | E17: 0 | F17: 0 | G17: 153.41176 | H17: 145.88235 | I17: 57.411765 | J17: 0 | K17: 0 | L17: 0 | M17: 0 | N17: 178.82353 | O17: 193.88235 | P17: 0 | Q17: 0 | R17: 65.882353 | S17: 98.823529 | T17: 0 | U17: 336 | V17: 292.70588 | W17: 73.411765 | X17: 60.235294 | Y17: 0 | Z17: 49.882353 | AA17: 17.882353 | AB17: 355.76471 | AC17: 367.05882
A18: G Jeune | B18: 0 | C18: 0 | D18: 0 | E18: 0 | F18: 0 | G18: 0 | H18: 23.529412 | I18: 82.823529 | J18: 281.41176 | K18: 457.41176 | L18: 327.52941 | M18: 634.35294 | N18: 384.94118 | O18: 49.882353 | P18: 14.117647 | Q18: 197.64706 | R18: 120.47059 | S18: 323.76471 | T18: 496 | U18: 371.76471 | V18: 221.17647 | W18: 235.29412 | X18: 235.29412 | Y18: 448.94118 | Z18: 112.94118 | AA18: 545.88235 | AB18: 334.11765 | AC18: 23.529412
A20: Nocturne | B20: 0 | C20: 0 | D20: 0 | E20: 0 | F20: 0 | G20: 0 | H20: 0 | I20: 0 | J20: 0 | K20: 0 | L20: 0 | M20: 0 | N20: 0 | O20: 0 | P20: 0 | Q20: 0 | R20: 0 | S20: 0 | T20: 0 | U20: 0 | V20: 0 | W20: 0 | X20: 0 | Y20: 0 | Z20: 0 | AA20: 0 | AB20: 0 | AC20: 0
A21: Pass | B21: 0 | C21: 0 | D21: 0 | E21: 0 | F21: 0 | G21: 112.94118 | H21: 141.17647 | I21: 94.117647 | J21: 94.117647 | K21: 94.117647 | L21: 94.117647 | M21: 94.117647 | N21: 141.17647 | O21: 94.117647 | P21: 94.117647 | Q21: 94.117647 | R21: 94.117647 | S21: 94.117647 | T21: 94.117647 | U21: 141.17647 | V21: 94.117647 | W21: 70.588235 | X21: 70.588235 | Y21: 56.470588 | Z21: 37.647059 | AA21: 37.647059 | AB21: 70.588235 | AC21: 70.588235
A22: TA + Cong | B22: 0 | C22: 0 | D22: 0 | E22: 235.29412 | F22: 0 | G22: 11.294118 | H22: 11.294118 | I22: 37.647059 | J22: 65.882353 | K22: 0 | L22: 0 | M22: 37.647059 | N22: 0 | O22: 0 | P22: 0 | Q22: 0 | R22: 0 | S22: 0 | T22: 0 | U22: 0 | V22: 0 | W22: 0 | X22: 0 | Y22: 0 | Z22: 0 | AA22: 0 | AB22: 282.35294 | AC22: 0
A23: Invités | B23: 0 | C23: 0 | D23: 0 | E23: 0 | F23: 0 | G23: 112.94118 | H23: 37.647059 | I23: 18.823529 | J23: 376.47059 | K23: 65.882353 | L23: 18.823529 | M23: 451.76471 | N23: 56.470588 | O23: 75.294118 | P23: 18.823529 | Q23: 470.58824 | R23: 112.94118 | S23: 395.29412 | T23: 23.529412 | U23: 94.117647 | V23: 70.588235 | W23: 42.352941 | X23: 517.64706 | Y23: 47.058824 | Z23: 541.17647 | AA23: 37.647059 | AB23: 37.647059 | AC23: 47.058824
B25: 40238 | C25: 40239 | D25: 40240 | E25: 40241 | F25: 40242 | G25: 40243 | H25: 40244 | I25: 40245 | J25: 40246 | K25: 40247 | L25: 40248 | M25: 40249 | N25: 40250 | O25: 40251 | P25: 40252 | Q25: 40253 | R25: 40254 | S25: 40255 | T25: 40256 | U25: 40257 | V25: 40258 | W25: 40259 | X25: 40260 | Y25: 40261 | Z25: 40262 | AA25: 40263 | AB25: 40264 | AC25: 40265 | AD25: 40266 | AE25: 40267 | AF25: 40268
A26: Ind Cash | B26: 625.41176 | C26: 726.11765 | D26: 677.64706 | E26: 753.50588 | F26: 713.12941 | G26: 1284.6118 | H26: 615.15294 | I26: 131.01176 | J26: 159.05882 | K26: 173.74118 | L26: 151.71765 | M26: 156.42353 | N26: 1939.0118 | O26: 1135.6235 | P26: 148.98824 | Q26: 114.25882 | R26: 137.97647 | S26: 194.63529 | T26: 157.27059 | U26: 2035.0118 | V26: 1158.0235 | W26: 237.36471 | X26: 208.28235 | Y26: 189.92941 | Z26: 203.76471 | AA26: 204.98824 | AB26: 2103.5294 | AC26: 1193.2235 | AD26: 211.57647 | AE26: 300.8 | AF26: 184.18824
A27: Ind Résa | B27: 1869.6471 | C27: 1904.4706 | D27: 1269.6471 | E27: 2123.6706 | F27: 1627.5765 | G27: 2156.3294 | H27: 1812.1412 | I27: 495.81176 | J27: 416.94118 | K27: 425.78824 | L27: 418.63529 | M27: 370.63529 | N27: 2434.6353 | O27: 1880.8471 | P27: 470.30588 | Q27: 457.03529 | R27: 417.31765 | S27: 482.07059 | T27: 574.96471 | U27: 3129.2235 | V27: 2097.5059 | W27: 479.81176 | X27: 482.54118 | Y27: 453.83529 | Z27: 449.41176 | AA27: 534.77647 | AB27: 2757.6471 | AC27: 2032.1882 | AD27: 484.89412 | AE27: 486.96471 | AF27: 346.63529
A29: G. AD | B29: 0 | C29: 0 | D29: 0 | E29: 55.529412 | F29: 47.058824 | G29: 376.47059 | H29: 211.76471 | I29: 65.882353 | J29: 42.352941 | K29: 0 | L29: 37.647059 | M29: 0 | N29: 1176.4706 | O29: 1294.1176 | P29: 84.705882 | Q29: 0 | R29: 150.58824 | S29: 0 | T29: 0 | U29: 1258.3529 | V29: 1082.3529 | W29: 0 | X29: 51.764706 | Y29: 47.058824 | Z29: 19.764706 | AA29: 0 | AB29: 2757.6471 | AC29: 1981.1765 | AD29: 18.823529 | AE29: 28.235294 | AF29: 21.647059
A30: G Jeune | B30: 0 | C30: 305.88235 | D30: 324.70588 | E30: 353.88235 | F30: 776.47059 | G30: 367.05882 | H30: 248.47059 | I30: 122.35294 | J30: 136.47059 | K30: 592.94118 | L30: 395.29412 | M30: 1077.6471 | N30: 965.64706 | O30: 1327.0588 | P30: 169.41176 | Q30: 560.94118 | R30: 678.58824 | S30: 457.41176 | T30: 1237.6471 | U30: 969.41176 | V30: 191.05882 | W30: 288.94118 | X30: 856.47059 | Y30: 2169.4118 | Z30: 1004.2353 | AA30: 1969.8824 | AB30: 1548.2353 | AC30: 607.05882 | AD30: 797.17647 | AE30: 1530.3529 | AF30: 2602.3529
A32: Nocturne | B32: 0 | C32: 0 | D32: 0 | E32: 0 | F32: 0 | G32: 0 | H32: 0 | I32: 0 | J32: 0 | K32: 0 | L32: 0 | M32: 0 | N32: 0 | O32: 0 | P32: 0 | Q32: 0 | R32: 0 | S32: 0 | T32: 0 | U32: 37.647059 | V32: 23.529412 | W32: 18.823529 | X32: 18.823529 | Y32: 18.823529 | Z32: 18.823529 | AA32: 23.529412 | AB32: 61.176471 | AC32: 94.117647 | AD32: 51.764706 | AE32: 51.764706 | AF32: 51.764706
A33: Pass | B33: 37.647059 | C33: 37.647059 | D33: 37.647059 | E33: 65.882353 | F33: 23.529412 | G33: 65.882353 | H33: 84.705882 | I33: 18.823529 | J33: 18.823529 | K33: 18.823529 | L33: 18.823529 | M33: 18.823529 | N33: 37.647059 | O33: 47.058824 | P33: 14.117647 | Q33: 14.117647 | R33: 14.117647 | S33: 14.117647 | T33: 14.117647 | U33: 37.647059 | V33: 56.470588 | W33: 9.4117647 | X33: 9.4117647 | Y33: 9.4117647 | Z33: 9.4117647 | AA33: 9.4117647 | AB33: 56.470588 | AC33: 65.882353 | AD33: 37.647059 | AE33: 37.647059 | AF33: 41.411765
A34: TA + Cong | B34: 0 | C34: 0 | D34: 0 | E34: 0 | F34: 16 | G34: 0 | H34: 0 | I34: 0 | J34: 263.52941 | K34: 188.23529 | L34: 0 | M34: 0 | N34: 0 | O34: 18.823529 | P34: 258.82353 | Q34: 0 | R34: 0 | S34: 0 | T34: 0 | U34: 169.41176 | V34: 0 | W34: 0 | X34: 0 | Y34: 0 | Z34: 56.470588 | AA34: 56.470588 | AB34: 0 | AC34: 0 | AD34: 282.35294 | AE34: 1694.1176 | AF34: 282.35294
A35: Invités | B35: 37.647059 | C35: 564.70588 | D35: 18.823529 | E35: 56.470588 | F35: 470.58824 | G35: 70.588235 | H35: 47.058824 | I35: 47.058824 | J35: 42.352941 | K35: 4.7058824 | L35: 56.470588 | M35: 37.647059 | N35: 329.41176 | O35: 65.882353 | P35: 9.4117647 | Q35: 47.058824 | R35: 141.17647 | S35: 37.647059 | T35: 18.823529 | U35: 141.17647 | V35: 160 | W35: 47.058824 | X35: 28.235294 | Y35: 65.882353 | Z35: 47.058824 | AA35: 84.705882 | AB35: 263.52941 | AC35: 188.23529 | AD35: 47.058824 | AE35: 320 | AF35: 65.882353
B37: 40269 | C37: 40270 | D37: 40271 | E37: 40272 | F37: 40273 | G37: 40274 | H37: 40275 | I37: 40276 | J37: 40277 | K37: 40278 | L37: 40279 | M37: 40280 | N37: 40281 | O37: 40282 | P37: 40283 | Q37: 40284 | R37: 40285 | S37: 40286 | T37: 40287 | U37: 40288 | V37: 40289 | W37: 40290 | X37: 40291 | Y37: 40292 | Z37: 40293 | AA37: 40294 | AB37: 40295 | AC37: 40296 | AD37: 40297 | AE37: 40298
A38: Ind Cash | B38: 333.17647 | C38: 319.10588 | D38: 2330.5412 | E38: 1768.3765 | F38: 2289.7882 | G38: 1888.9412 | H38: 1774.5412 | I38: 1827.2471 | J38: 3002.5412 | K38: 2300.1412 | L38: 1561.8824 | M38: 1616.2353 | N38: 3166.4 | O38: 3391.5294 | P38: 3326.5882 | Q38: 2179.9059 | R38: 2674.0706 | S38: 1909.7412 | T38: 2258.6353 | U38: 2875.1529 | V38: 2772.1412 | W38: 2986.9647 | X38: 2053.6471 | Y38: 2673.7412 | Z38: 3879.4353 | AA38: 884.42353 | AB38: 985.83529 | AC38: 946.58824 | AD38: 859.29412 | AE38: 699.29412
A39: Ind Résa | B39: 482.82353 | C39: 595.71765 | D39: 2091.1059 | E39: 2375.6235 | F39: 2427.3882 | G39: 3361.8824 | H39: 3275.8118 | I39: 3396.2824 | J39: 2839.3412 | K39: 3374.2118 | L39: 4933.1765 | M39: 4665.1765 | N39: 5301.3647 | O39: 5359.5294 | P39: 5104.4706 | Q39: 3617.7412 | R39: 3118.8706 | S39: 3017.3176 | T39: 4364.4235 | U39: 6050.0235 | V39: 5756.8 | W39: 5927.8588 | X39: 3472.9412 | Y39: 3214.2588 | Z39: 2475.3882 | AA39: 2046.4 | AB39: 2541.6941 | AC39: 2207.2941 | AD39: 1777.8824 | AE39: 1542.5882
A41: G. AD | B41: 45.176471 | C41: 16.941176 | D41: 1665.8824 | E41: 1232 | F41: 80.941176 | G41: 45.176471 | H41: 36.705882 | I41: 268.23529 | J41: 263.52941 | K41: 920.47059 | L41: 1127.5294 | M41: 238.11765 | N41: 75.294118 | O41: 114.82353 | P41: 103.52941 | Q41: 0 | R41: 847.05882 | S41: 724.70588 | T41: 33.882353 | U41: 133.64706 | V41: 109.17647 | W41: 150.58824 | X41: 164.70588 | Y41: 1763.7647 | Z41: 1421.1765 | AA41: 73.411765 | AB41: 113.88235 | AC41: 110.11765 | AD41: 59.294118 | AE41: 240
A42: G Jeune | B42: 1750.5882 | C42: 3512.4706 | D42: 2964.7059 | E42: 729.41176 | F42: 456.47059 | G42: 1111.5294 | H42: 1294.1176 | I42: 970.35294 | J42: 1031.5294 | K42: 1063.5294 | L42: 377.41176 | M42: 131.76471 | N42: 178.82353 | O42: 991.05882 | P42: 971.29412 | Q42: 1400.4706 | R42: 927.05882 | S42: 348.23529 | T42: 190.11765 | U42: 219.29412 | V42: 688.94118 | W42: 1066.3529 | X42: 1472.9412 | Y42: 1488.9412 | Z42: 155.29412 | AA42: 151.52941 | AB42: 469.64706 | AC42: 1225.4118 | AD42: 1548.2353 | AE42: 1228.2353
A44: Nocturne | B44: 51.764706 | C44: 51.764706 | D44: 160 | E44: 254.11765 | F44: 141.17647 | G44: 141.17647 | H44: 103.52941 | I44: 112.94118 | J44: 103.52941 | K44: 94.117647 | L44: 70.588235 | M44: 75.294118 | N44: 94.117647 | O44: 94.117647 | P44: 70.588235 | Q44: 70.588235 | R44: 75.294118 | S44: 47.058824 | T44: 47.058824 | U44: 75.294118 | V44: 56.470588 | W44: 94.117647 | X44: 70.588235 | Y44: 141.17647 | Z44: 131.76471 | AA44: 84.705882 | AB44: 37.647059 | AC44: 37.647059 | AD44: 37.647059 | AE44: 37.647059
A45: Pass | B45: 37.647059 | C45: 37.647059 | D45: 37.647059 | E45: 65.882353 | F45: 65.882353 | G45: 56.470588 | H45: 47.058824 | I45: 47.058824 | J45: 47.058824 | K45: 51.764706 | L45: 112.94118 | M45: 70.588235 | N45: 65.882353 | O45: 65.882353 | P45: 65.882353 | Q45: 47.058824 | R45: 37.647059 | S45: 47.058824 | T45: 47.058824 | U45: 47.058824 | V45: 47.058824 | W45: 47.058824 | X45: 47.058824 | Y45: 47.058824 | Z45: 70.588235 | AA45: 94.117647 | AB45: 291.76471 | AC45: 18.823529 | AD45: 18.823529 | AE45: 18.823529
A46: TA + Cong | B46: 0 | C46: 0 | D46: 0 | E46: 0 | F46: 141.17647 | G46: 0 | H46: 0 | I46: 244.70588 | J46: 47.058824 | K46: 235.29412 | L46: 0 | M46: 0 | N46: 0 | O46: 0 | P46: 0 | Q46: 0 | R46: 141.17647 | S46: 0 | T46: 0 | U46: 0 | V46: 0 | W46: 0 | X46: 0 | Y46: 0 | Z46: 0 | AA46: 0 | AB46: 28.235294 | AC46: 28.235294 | AD46: 564.70588 | AE46: 0
A47: Invités | B47: 84.705882 | C47: 188.23529 | D47: 352.94118 | E47: 211.76471 | F47: 94.117647 | G47: 94.117647 | H47: 65.882353 | I47: 94.117647 | J47: 122.35294 | K47: 169.41176 | L47: 244.70588 | M47: 169.41176 | N47: 301.17647 | O47: 141.17647 | P47: 94.117647 | Q47: 174.11765 | R47: 141.17647 | S47: 65.882353 | T47: 112.94118 | U47: 103.52941 | V47: 94.117647 | W47: 117.64706 | X47: 84.705882 | Y47: 211.76471 | Z47: 122.35294 | AA47: 84.705882 | AB47: 108.23529 | AC47: 94.117647 | AD47: 84.705882 | AE47: 211.76471
B49: 40299 | C49: 40300 | D49: 40301 | E49: 40302 | F49: 40303 | G49: 40304 | H49: 40305 | I49: 40306 | J49: 40307 | K49: 40308 | L49: 40309 | M49: 40310 | N49: 40311 | O49: 40312 | P49: 40313 | Q49: 40314 | R49: 40315 | S49: 40316 | T49: 40317 | U49: 40318 | V49: 40319 | W49: 40320 | X49: 40321 | Y49: 40322 | Z49: 40323 | AA49: 40324 | AB49: 40325 | AC49: 40326 | AD49: 40327 | AE49: 40328 | AF49: 40329
A50: Ind Cash | B50: 3040.7059 | C50: 1348.2353 | D50: 275.48235 | E50: 303.48235 | F50: 318.30588 | G50: 365.17647 | H50: 441.12941 | I50: 3758.4 | J50: 2567.4824 | K50: 322.49412 | L50: 348.18824 | M50: 289.31765 | N50: 817.08235 | O50: 1056 | P50: 2220.2824 | Q50: 1263.5294 | R50: 370.49412 | S50: 387.15294 | T50: 415.57647 | U50: 457.41176 | V50: 818.77647 | W50: 2877.5059 | X50: 1740.2353 | Y50: 600.75294 | Z50: 503.05882 | AA50: 410.58824 | AB50: 366.82353 | AC50: 338.96471 | AD50: 3256 | AE50: 3201.9294 | AF50: 1101.8353
A51: Ind Résa | B51: 2803.0588 | C51: 1125.1765 | D51: 766.4 | E51: 993.45882 | F51: 784.75294 | G51: 783.05882 | H51: 3392.2824 | I51: 5859.4824 | J51: 1940.7529 | K51: 529.27059 | L51: 639.10588 | M51: 581.27059 | N51: 572.09412 | O51: 581.64706 | P51: 1965.1294 | Q51: 1271.0588 | R51: 722.21176 | S51: 874.96471 | T51: 887.01176 | U51: 3056.9412 | V51: 6295.5765 | W51: 5147.9059 | X51: 1693.1765 | Y51: 570.07059 | Z51: 707.29412 | AA51: 677.41176 | AB51: 605.41176 | AC51: 557.03529 | AD51: 2815.5294 | AE51: 4657.8353 | AF51: 1387.5765
A53: G. AD | B53: 2715.2941 | C53: 1658.3529 | D53: 72.470588 | E53: 0 | F53: 0 | G53: 36.705882 | H53: 179.76471 | I53: 2649.4118 | J53: 1616.9412 | K53: 0 | L53: 0 | M53: 0 | N53: 294.58824 | O53: 569.41176 | P53: 2936.4706 | Q53: 1906.8235 | R53: 32.941176 | S53: 34.823529 | T53: 0 | U53: 144 | V53: 2043.2941 | W53: 3532.2353 | X53: 814.11765 | Y53: 97.882353 | Z53: 208.94118 | AA53: 217.41176 | AB53: 176 | AC53: 95.058824 | AD53: 239.05882 | AE53: 1514.3529 | AF53: 812.23529
A54: G Jeune | B54: 242.82353 | C54: 183.52941 | D54: 51.764706 | E54: 519.52941 | F54: 1322.3529 | G54: 2004.7059 | H54: 1358.1176 | I54: 282.35294 | J54: 127.05882 | K54: 178.82353 | L54: 801.88235 | M54: 1896.4706 | N54: 1468.2353 | O54: 1887.0588 | P54: 1557.6471 | Q54: 404.70588 | R54: 23.529412 | S54: 1402.3529 | T54: 2730.3529 | U54: 1011.7647 | V54: 353.88235 | W54: 318.11765 | X54: 342.58824 | Y54: 247.52941 | Z54: 937.41176 | AA54: 2045.1765 | AB54: 1468.2353 | AC54: 2224.9412 | AD54: 1287.5294 | AE54: 357.64706 | AF54: 290.82353
A56: Nocturne | B56: 131.76471 | C56: 47.058824 | D56: 56.470588 | E56: 51.764706 | F56: 37.647059 | G56: 37.647059 | H56: 37.647059 | I56: 108.23529 | J56: 37.647059 | K56: 37.647059 | L56: 37.647059 | M56: 51.764706 | N56: 258.82353 | O56: 112.94118 | P56: 122.35294 | Q56: 37.647059 | R56: 37.647059 | S56: 47.058824 | T56: 47.058824 | U56: 37.647059 | V56: 37.647059 | W56: 207.05882 | X56: 141.17647 | Y56: 61.176471 | Z56: 75.294118 | AA56: 61.176471 | AB56: 61.176471 | AC56: 61.176471 | AD56: 75.294118 | AE56: 28.235294 | AF56: 47.058824
A57: Pass | B57: 37.647059 | C57: 75.294118 | D57: 28.235294 | E57: 28.235294 | F57: 9.4117647 | G57: 9.4117647 | H57: 9.4117647 | I57: 47.058824 | J57: 37.647059 | K57: 9.4117647 | L57: 14.117647 | M57: 23.529412 | N57: 65.882353 | O57: 75.294118 | P57: 94.117647 | Q57: 56.470588 | R57: 18.823529 | S57: 14.117647 | T57: 23.529412 | U57: 23.529412 | V57: 14.117647 | W57: 47.058824 | X57: 37.647059 | Y57: 28.235294 | Z57: 9.4117647 | AA57: 9.4117647 | AB57: 18.823529 | AC57: 18.823529 | AD57: 70.588235 | AE57: 47.058824 | AF57: 14.117647
A58: TA + Cong | B58: 0 | C58: 0 | D58: 0 | E58: 0 | F58: 517.64706 | G58: 0 | H58: 0 | I58: 47.058824 | J58: 0 | K58: 28.235294 | L58: 517.64706 | M58: 0 | N58: 94.117647 | O58: 47.058824 | P58: 0 | Q58: 0 | R58: 0 | S58: 0 | T58: 0 | U58: 47.058824 | V58: 0 | W58: 0 | X58: 0 | Y58: 0 | Z58: 0 | AA58: 658.82353 | AB58: 602.35294 | AC58: 18.823529 | AD58: 658.82353 | AE58: 282.35294 | AF58: 216.47059
A59: Invités | B59: 258.82353 | C59: 94.117647 | D59: 108.23529 | E59: 75.294118 | F59: 202.35294 | G59: 37.647059 | H59: 211.76471 | I59: 282.35294 | J59: 94.117647 | K59: 94.117647 | L59: 131.76471 | M59: 188.23529 | N59: 9.4117647 | O59: 70.588235 | P59: 150.58824 | Q59: 94.117647 | R59: 37.647059 | S59: 47.058824 | T59: 47.058824 | U59: 216.47059 | V59: 470.58824 | W59: 404.70588 | X59: 108.23529 | Y59: 23.529412 | Z59: 37.647059 | AA59: 28.235294 | AB59: 155.29412 | AC59: 94.117647 | AD59: 329.41176 | AE59: 376.47059 | AF59: 117.64706
B61: 40330 | C61: 40331 | D61: 40332 | E61: 40333 | F61: 40334 | G61: 40335 | H61: 40336 | I61: 40337 | J61: 40338 | K61: 40339 | L61: 40340 | M61: 40341 | N61: 40342 | O61: 40343 | P61: 40344 | Q61: 40345 | R61: 40346 | S61: 40347 | T61: 40348 | U61: 40349 | V61: 40350 | W61: 40351 | X61: 40352 | Y61: 40353 | Z61: 40354 | AA61: 40355 | AB61: 40356 | AC61: 40357 | AD61: 40358 | AE61: 40359
A62: Ind Cash | B62: 351.24706 | C62: 271.57647 | D62: 276.75294 | E62: 277.50588 | F62: 1262.9647 | G62: 711.29412 | H62: 277.12941 | I62: 365.97647 | J62: 406.11765 | K62: 391.05882 | L62: 368.28235 | M62: 1500.8941 | N62: 976.61176 | O62: 429.50588 | P62: 328.8 | Q62: 491.85882 | R62: 375.10588 | S62: 392.37647 | T62: 1992.6588 | U62: 1034.1176 | V62: 588.98824 | W62: 853.36471 | X62: 567.01176 | Y62: 737.45882 | Z62: 636.18824 | AA62: 1961.9294 | AB62: 1434.9176 | AC62: 814.82353 | AD62: 965.22353 | AE62: 812.70588
A63: Ind Résa | B63: 502.4 | C63: 567.01176 | D63: 622.07059 | E63: 540.37647 | F63: 1794.9176 | G63: 1096.7059 | H63: 413.69412 | I63: 502.72941 | J63: 497.41176 | K63: 435.29412 | L63: 536.18824 | M63: 2807.8118 | N63: 1938.2118 | O63: 439.2 | P63: 633.08235 | Q63: 689.31765 | R63: 591.48235 | S63: 645.74118 | T63: 2587.1059 | U63: 1683.0588 | V63: 686.30588 | W63: 893.45882 | X63: 782.63529 | Y63: 889.83529 | Z63: 962.87059 | AA63: 2907.7176 | AB63: 1963.6706 | AC63: 1170.1176 | AD63: 1345.3647 | AE63: 1136.4706
A65: G. AD | B65: 200.47059 | C65: 280.47059 | D65: 434.82353 | E65: 213.64706 | F65: 2020.7059 | G65: 1454.1176 | H65: 76.235294 | I65: 101.64706 | J65: 308.70588 | K65: 297.41176 | L65: 284.23529 | M65: 2512 | N65: 2440.4706 | O65: 310.58824 | P65: 201.41176 | Q65: 336.94118 | R65: 134.58824 | S65: 201.41176 | T65: 2657.8824 | U65: 1895.5294 | V65: 56.470588 | W65: 148.70588 | X65: 196.70588 | Y65: 192.94118 | Z65: 160 | AA65: 2746.3529 | AB65: 2250.3529 | AC65: 77.176471 | AD65: 126.11765 | AE65: 144.94118
A66: G Jeune | B66: 240 | C66: 1237.6471 | D66: 1253.6471 | E66: 2365.1765 | F66: 1684.7059 | G66: 530.82353 | H66: 150.58824 | I66: 1308.2353 | J66: 1768.4706 | K66: 1075.7647 | L66: 2164.7059 | M66: 2188.2353 | N66: 724.70588 | O66: 293.64706 | P66: 800 | Q66: 2349.1765 | R66: 1315.7647 | S66: 2260.7059 | T66: 1648.9412 | U66: 720 | V66: 486.58824 | W66: 1247.0588 | X66: 2896.9412 | Y66: 1548.2353 | Z66: 2442.3529 | AA66: 2307.7647 | AB66: 410.35294 | AC66: 219.29412 | AD66: 1096.4706 | AE66: 1562.3529
A68: Nocturne | B68: 47.058824 | C68: 47.058824 | D68: 47.058824 | E68: 56.470588 | F68: 112.94118 | G68: 47.058824 | H68: 47.058824 | I68: 47.058824 | J68: 47.058824 | K68: 47.058824 | L68: 37.647059 | M68: 94.117647 | N68: 65.882353 | O68: 65.882353 | P68: 65.882353 | Q68: 65.882353 | R68: 65.882353 | S68: 65.882353 | T68: 94.117647 | U68: 70.588235 | V68: 70.588235 | W68: 70.588235 | X68: 70.588235 | Y68: 70.588235 | Z68: 70.588235 | AA68: 94.117647 | AB68: 47.058824 | AC68: 70.588235 | AD68: 70.588235 | AE68: 70.588235
A69: Pass | B69: 14.117647 | C69: 18.823529 | D69: 18.823529 | E69: 9.4117647 | F69: 47.058824 | G69: 56.470588 | H69: 14.117647 | I69: 14.117647 | J69: 14.117647 | K69: 14.117647 | L69: 14.117647 | M69: 56.470588 | N69: 37.647059 | O69: 9.4117647 | P69: 9.4117647 | Q69: 9.4117647 | R69: 9.4117647 | S69: 9.4117647 | T69: 47.058824 | U69: 37.647059 | V69: 14.117647 | W69: 9.4117647 | X69: 18.823529 | Y69: 18.823529 | Z69: 14.117647 | AA69: 37.647059 | AB69: 47.058824 | AC69: 37.647059 | AD69: 23.529412 | AE69: 37.647059
A70: TA + Cong | B70: 28.235294 | C70: 18.823529 | D70: 376.47059 | E70: 800 | F70: 423.52941 | G70: 0 | H70: 1129.4118 | I70: 28.235294 | J70: 37.647059 | K70: 141.17647 | L70: 94.117647 | M70: 282.35294 | N70: 75.294118 | O70: 14.117647 | P70: 0 | Q70: 207.05882 | R70: 301.17647 | S70: 56.470588 | T70: 329.41176 | U70: 94.117647 | V70: 18.823529 | W70: 18.823529 | X70: 47.058824 | Y70: 47.058824 | Z70: 188.23529 | AA70: 94.117647 | AB70: 94.117647 | AC70: 28.235294 | AD70: 65.882353 | AE70: 28.235294
A71: Invités | B71: 47.058824 | C71: 37.647059 | D71: 28.235294 | E71: 75.294118 | F71: 470.58824 | G71: 122.35294 | H71: 32.941176 | I71: 56.470588 | J71: 51.764706 | K71: 117.64706 | L71: 103.52941 | M71: 254.11765 | N71: 178.82353 | O71: 51.764706 | P71: 230.58824 | Q71: 94.117647 | R71: 400 | S71: 84.705882 | T71: 3223.5294 | U71: 258.82353 | V71: 70.588235 | W71: 117.64706 | X71: 75.294118 | Y71: 136.47059 | Z71: 141.17647 | AA71: 320 | AB71: 352.94118 | AC71: 225.88235 | AD71: 150.58824 | AE71: 141.17647
B73: 40360 | C73: 40361 | D73: 40362 | E73: 40363 | F73: 40364 | G73: 40365 | H73: 40366 | I73: 40367 | J73: 40368 | K73: 40369 | L73: 40370 | M73: 40371 | N73: 40372 | O73: 40373 | P73: 40374 | Q73: 40375 | R73: 40376 | S73: 40377 | T73: 40378 | U73: 40379 | V73: 40380 | W73: 40381 | X73: 40382 | Y73: 40383 | Z73: 40384 | AA73: 40385 | AB73: 40386 | AC73: 40387 | AD73: 40388 | AE73: 40389 | AF73: 40390
A74: Ind Cash | B74: 998.44706 | C74: 1100.2353 | D74: 1796.7529 | E74: 1618.1647 | F74: 1759.2941 | G74: 2033.3647 | H74: 2049.0824 | I74: 2325.3647 | J74: 1701.6471 | K74: 1809.1765 | L74: 2756.2353 | M74: 3500.8 | N74: 1920.6588 | O74: 2364.2824 | P74: 3464.6118 | Q74: 2181.2235 | R74: 2999.5294 | S74: 2486.1176 | T74: 3164.2353 | U74: 2942.1176 | V74: 2769.6471 | W74: 2875.2941 | X74: 2463.2471 | Y74: 2465.4118 | Z74: 2018.2118 | AA74: 2869.4118 | AB74: 3593.6471 | AC74: 3152.4706 | AD74: 3304.2353 | AE74: 2146.5412 | AF74: 2256.3765
A75: Ind Résa | B75: 1403.4353 | C75: 1616.9412 | D75: 2854.5412 | E75: 2192.6588 | F75: 2222.8235 | G75: 3288.0471 | H75: 3130.2118 | I75: 3040.2824 | J75: 2578.8235 | K75: 3707.0588 | L75: 4792 | M75: 4190.4941 | N75: 2431.3412 | O75: 3039.0118 | P75: 3851.1529 | Q75: 2932.1882 | R75: 3106.8235 | S75: 2662.1176 | T75: 3059.7647 | U75: 4165.6471 | V75: 3785.6471 | W75: 3397.6471 | X75: 2900.5176 | Y75: 3330.3529 | Z75: 3105.5529 | AA75: 3412 | AB75: 4765.8824 | AC75: 4286.5882 | AD75: 3638.8235 | AE75: 2734.4 | AF75: 3239.1529
A77: G. AD | B77: 50.823529 | C77: 28.235294 | D77: 1620.7059 | E77: 1597.1765 | F77: 45.176471 | G77: 75.294118 | H77: 367.05882 | I77: 103.52941 | J77: 227.76471 | K77: 446.11765 | L77: 610.82353 | M77: 220.23529 | N77: 96 | O77: 58.352941 | P77: 0 | Q77: 135.52941 | R77: 394.35294 | S77: 567.52941 | T77: 122.35294 | U77: 229.64706 | V77: 0 | W77: 169.41176 | X77: 237.17647 | Y77: 380.23529 | Z77: 233.41176 | AA77: 0 | AB77: 117.64706 | AC77: 247.52941 | AD77: 227.76471 | AE77: 200.47059 | AF77: 112.94118
A78: G Jeune | B78: 658.82353 | C78: 1181.1765 | D78: 774.58824 | E78: 452.70588 | F78: 315.29412 | G78: 355.76471 | H78: 912 | I78: 1038.1176 | J78: 743.52941 | K78: 877.17647 | L78: 267.29412 | M78: 127.05882 | N78: 112 | O78: 260.70588 | P78: 341.64706 | Q78: 608.94118 | R78: 423.52941 | S78: 225.88235 | T78: 244.70588 | U78: 362.35294 | V78: 567.52941 | W78: 531.76471 | X78: 447.05882 | Y78: 364.23529 | Z78: 272.94118 | AA78: 263.52941 | AB78: 176 | AC78: 549.64706 | AD78: 324.70588 | AE78: 325.64706 | AF78: 84.705882
A80: Nocturne | B80: 70.588235 | C80: 70.588235 | D80: 112.94118 | E80: 141.17647 | F80: 169.41176 | G80: 122.35294 | H80: 112.94118 | I80: 141.17647 | J80: 178.82353 | K80: 263.52941 | L80: 258.82353 | M80: 235.29412 | N80: 141.17647 | O80: 188.23529 | P80: 164.70588 | Q80: 174.11765 | R80: 225.88235 | S80: 188.23529 | T80: 197.64706 | U80: 197.64706 | V80: 141.17647 | W80: 235.29412 | X80: 235.29412 | Y80: 343.52941 | Z80: 244.70588 | AA80: 235.29412 | AB80: 244.70588 | AC80: 282.35294 | AD80: 282.35294 | AE80: 310.58824 | AF80: 329.41176
A81: Pass | B81: 18.823529 | C81: 14.117647 | D81: 37.647059 | E81: 32.941176 | F81: 23.529412 | G81: 47.058824 | H81: 18.770901 | I81: 28.235294 | J81: 42.352941 | K81: 51.764706 | L81: 42.352941 | M81: 42.234527 | N81: 56.470588 | O81: 47.058824 | P81: 42.352941 | Q81: 51.764706 | R81: 28.156351 | S81: 32.849076 | T81: 42.352941 | U81: 28.235294 | V81: 51.619977 | W81: 37.541801 | X81: 32.849076 | Y81: 37.647059 | Z81: 37.647059 | AA81: 56.470588 | AB81: 37.647059 | AC81: 47.058824 | AD81: 70.656834 | AE81: 56.470588 | AF81: 75.36729
A82: TA + Cong | B82: 94.117647 | C82: 1035.2941 | D82: 141.17647 | E82: 141.17647 | F82: 117.64706 | G82: 70.588235 | H82: 70.588235 | I82: 112.94118 | J82: 94.117647 | K82: 150.58824 | L82: 216.47059 | M82: 197.64706 | N82: 150.58824 | O82: 131.76471 | P82: 7.5294118 | Q82: 7.5294118 | R82: 7.5294118 | S82: 7.5294118 | T82: 7.5294118 | U82: 7.5294118 | V82: 7.5294118 | W82: 7.5294118 | X82: 7.5294118 | Y82: 7.5294118 | Z82: 7.5294118 | AA82: 7.5294118 | AB82: 7.5294118 | AC82: 7.5294118 | AD82: 7.5294118 | AE82: 7.5294118 | AF82: 7.5294118
A83: Invités | B83: 75.294118 | C83: 131.76471 | D83: 197.64706 | E83: 141.17647 | F83: 169.41176 | G83: 70.588235 | H83: 131.76471 | I83: 291.76471 | J83: 127.05882 | K83: 112.94118 | L83: 160 | M83: 225.88235 | N83: 103.52941 | O83: 131.76471 | P83: 188.23529 | Q83: 70.588235 | R83: 263.52941 | S83: 282.35294 | T83: 225.88235 | U83: 141.17647 | V83: 112.94118 | W83: 84.705882 | X83: 94.117647 | Y83: 131.76471 | Z83: 141.17647 | AA83: 164.70588 | AB83: 141.17647 | AC83: 122.35294 | AD83: 141.17647 | AE83: 84.705882 | AF83: 160
B85: 40391 | C85: 40392 | D85: 40393 | E85: 40394 | F85: 40395 | G85: 40396 | H85: 40397 | I85: 40398 | J85: 40399 | K85: 40400 | L85: 40401 | M85: 40402 | N85: 40403 | O85: 40404 | P85: 40405 | Q85: 40406 | R85: 40407 | S85: 40408 | T85: 40409 | U85: 40410 | V85: 40411 | W85: 40412 | X85: 40413 | Y85: 40414 | Z85: 40415 | AA85: 40416 | AB85: 40417 | AC85: 40418 | AD85: 40419 | AE85: 40420 | AF85: 40421
A86: Ind Cash | B86: 2538.5412 | C86: 3938.3059 | D86: 4728.8 | E86: 4380.4235 | F86: 4496.9412 | G86: 3471.8118 | H86: 3435.0588 | I86: 3453.0353 | J86: 4702.7294 | K86: 5961.2706 | L86: 5908.4706 | M86: 5503.5294 | N86: 3508.4235 | O86: 3300.0471 | P86: 2902.2118 | Q86: 4604.8 | R86: 5617.2235 | S86: 4620.5176 | T86: 5105.0824 | U86: 3495.2471 | V86: 3079.6706 | W86: 2942.5882 | X86: 3453.2235 | Y86: 4066.1176 | Z86: 3781.4118 | AA86: 3445.6471 | AB86: 2284.6118 | AC86: 2595.5294 | AD86: 5687.2 | AE86: 2072.3765 | AF86: 1051.9059
A87: Ind Résa | B87: 3334.4 | C87: 4650.8706 | D87: 5907.4353 | E87: 5676.0471 | F87: 5637.6471 | G87: 4857.6 | H87: 4801.1765 | I87: 4778.4941 | J87: 5945.7412 | K87: 6809.5529 | L87: 6948.9412 | M87: 6037.1765 | N87: 5164.5176 | O87: 4867.4824 | P87: 4608.3765 | Q87: 5236.1412 | R87: 6345.1294 | S87: 5970.5412 | T87: 5817.2706 | U87: 5044.0471 | V87: 4479.8588 | W87: 3610.8235 | X87: 3754.3059 | Y87: 4344.2353 | Z87: 4100.9412 | AA87: 3847.5294 | AB87: 2957.7412 | AC87: 3675.5294 | AD87: 2578.2118 | AE87: 1525.7412 | AF87: 1115.6235
A89: G. AD | B89: 81.882353 | C89: 20.705882 | D89: 155.29412 | E89: 207.05882 | F89: 109.17647 | G89: 93.176471 | H89: 92.235294 | I89: 258.82353 | J89: 27.294118 | K89: 54.588235 | L89: 101.64706 | M89: 82.823529 | N89: 136.47059 | O89: 222.11765 | P89: 72.470588 | Q89: 104.47059 | R89: 148.70588 | S89: 23.529412 | T89: 26.352941 | U89: 139.29412 | V89: 278.58824 | W89: 200.47059 | X89: 71.529412 | Y89: 37.647059 | Z89: 21.647059 | AA89: 96 | AB89: 42.352941 | AC89: 1066.3529 | AD89: 760.47059 | AE89: 0 | AF89: 108.23529
A90: G Jeune | B90: 28.235294 | C90: 16.941176 | D90: 75.294118 | E90: 164.70588 | F90: 150.58824 | G90: 268.23529 | H90: 108.23529 | I90: 103.52941 | J90: 174.11765 | K90: 145.88235 | L90: 207.05882 | M90: 205.17647 | N90: 73.411765 | O90: 75.294118 | P90: 61.176471 | Q90: 0 | R90: 84.705882 | S90: 52.705882 | T90: 141.17647 | U90: 122.35294 | V90: 89.411765 | W90: 37.647059 | X90: 18.823529 | Y90: 150.58824 | Z90: 351.05882 | AA90: 550.58824 | AB90: 272.94118 | AC90: 197.64706 | AD90: 70.588235 | AE90: 75.294118 | AF90: 129.88235
A92: Nocturne | B92: 282.35294 | C92: 400 | D92: 400 | E92: 423.52941 | F92: 423.52941 | G92: 400 | H92: 583.52941 | I92: 423.52941 | J92: 470.58824 | K92: 470.58824 | L92: 423.52941 | M92: 470.58824 | N92: 470.58824 | O92: 517.64706 | P92: 352.94118 | Q92: 564.70588 | R92: 517.64706 | S92: 423.52941 | T92: 470.58824 | U92: 470.58824 | V92: 423.52941 | W92: 282.35294 | X92: 282.35294 | Y92: 235.29412 | Z92: 282.35294 | AA92: 282.35294 | AB92: 235.29412 | AC92: 235.29412 | AD92: 188.23529 | AE92: 75.294118 | AF92: 56.470588
A93: Pass | B93: 61.235923 | C93: 65.882353 | D93: 51.764706 | E93: 56.470588 | F93: 51.764706 | G93: 47.058824 | H93: 65.882353 | I93: 65.882353 | J93: 49.930829 | K93: 51.815012 | L93: 67.830561 | M93: 51.815012 | N93: 37.647059 | O93: 42.352941 | P93: 42.352941 | Q93: 37.683645 | R93: 75.36729 | S93: 47.104556 | T93: 70.588235 | U93: 47.104556 | V93: 56.525467 | W93: 65.882353 | X93: 75.294118 | Y93: 103.52941 | Z93: 95.058824 | AA93: 61.235923 | AB93: 56.470588 | AC93: 42.352941 | AD93: 47.058824 | AE93: 42.352941 | AF93: 37.647059
A94: TA + Cong | B94: 0 | C94: 0 | D94: 0 | E94: 0 | F94: 0 | G94: 0 | H94: 0 | I94: 0 | J94: 0 | K94: 0 | L94: 0 | M94: 0 | N94: 0 | O94: 0 | P94: 0 | Q94: 28.235294 | R94: 18.823529 | S94: 9.4117647 | T94: 7.5294118 | U94: 6.5882353 | V94: 0 | W94: 0 | X94: 19.764706 | Y94: 988.23529 | Z94: 0 | AA94: 625.88235 | AB94: 0 | AC94: 0 | AD94: 0 | AE94: 37.647059 | AF94: 0
A95: Invités | B95: 141.17647 | C95: 197.64706 | D95: 282.35294 | E95: 367.05882 | F95: 197.64706 | G95: 141.17647 | H95: 197.64706 | I95: 225.88235 | J95: 216.47059 | K95: 244.70588 | L95: 207.05882 | M95: 216.47059 | N95: 178.82353 | O95: 178.82353 | P95: 141.17647 | Q95: 235.29412 | R95: 272.94118 | S95: 230.58824 | T95: 197.64706 | U95: 207.05882 | V95: 216.47059 | W95: 141.17647 | X95: 192.94118 | Y95: 705.88235 | Z95: 296.47059 | AA95: 400 | AB95: 282.35294 | AC95: 282.35294 | AD95: 150.58824 | AE95: 131.76471 | AF95: 65.882353
B97: 40422 | C97: 40423 | D97: 40424 | E97: 40425 | F97: 40426 | G97: 40427 | H97: 40428 | I97: 40429 | J97: 40430 | K97: 40431 | L97: 40432 | M97: 40433 | N97: 40434 | O97: 40435 | P97: 40436 | Q97: 40437 | R97: 40438 | S97: 40439 | T97: 40440 | U97: 40441 | V97: 40442 | W97: 40443 | X97: 40444 | Y97: 40445 | Z97: 40446 | AA97: 40447 | AB97: 40448 | AC97: 40449 | AD97: 40450 | AE97: 40451
A98: Ind Cash | B98: 1332.2353 | C98: 1242.7765 | D98: 1076.9882 | E98: 2076.8941 | F98: 1456.8 | G98: 741.83529 | H98: 950.91765 | I98: 899.15294 | J98: 808.61176 | K98: 765.17647 | L98: 2044.8 | M98: 1449.5529 | N98: 655.57647 | O98: 570.68235 | P98: 573.03529 | Q98: 561.08235 | R98: 570.44706 | S98: 2023.0588 | T98: 1447.4824 | U98: 522.87059 | V98: 581.36471 | W98: 465.69412 | X98: 505.88235 | Y98: 469.97647 | Z98: 2142.7294 | AA98: 1439.8118 | AB98: 406.21176 | AC98: 360.98824 | AD98: 414.35294 | AE98: 408.56471
A99: Ind Résa | B99: 1048.9412 | C99: 1064.0471 | D99: 808.18824 | E99: 2317.4588 | F99: 1488.1412 | G99: 677.45882 | H99: 885.31765 | I99: 728.14118 | J99: 703.85882 | K99: 662.58824 | L99: 2270.4941 | M99: 1293.9765 | N99: 456.89412 | O99: 543.67059 | P99: 562.96471 | Q99: 467.62353 | R99: 466.72941 | S99: 2034.3529 | T99: 1313.9294 | U99: 432.42353 | V99: 464.28235 | W99: 455.71765 | X99: 427.76471 | Y99: 450.49412 | Z99: 2329.7412 | AA99: 1379.0118 | AB99: 263.90588 | AC99: 319.48235 | AD99: 323.52941 | AE99: 334.96471
A101: G. AD | B101: 127.05882 | C101: 183.52941 | D101: 321.88235 | E101: 1587.7647 | F101: 1186.8235 | G101: 195.76471 | H101: 241.88235 | I101: 183.52941 | J101: 272.94118 | K101: 404.70588 | L101: 1974.5882 | M101: 2288 | N101: 112.94118 | O101: 0 | P101: 0 | Q101: 67.764706 | R101: 297.41176 | S101: 3453.1765 | T101: 1889.8824 | U101: 0 | V101: 32 | W101: 0 | X101: 249.41176 | Y101: 242.82353 | Z101: 3026.8235 | AA101: 2067.7647 | AB101: 116.70588 | AC101: 80 | AD101: 144.94118 | AE101: 18.823529
A102: G Jeune | B102: 0 | C102: 0 | D102: 0 | E102: 0 | F102: 0 | G102: 37.647059 | H102: 0 | I102: 56.470588 | J102: 0 | K102: 213.64706 | L102: 0 | M102: 19.764706 | N102: 0 | O102: 0 | P102: 31.058824 | Q102: 144 | R102: 229.64706 | S102: 149.64706 | T102: 65.882353 | U102: 0 | V102: 62.117647 | W102: 61.176471 | X102: 54.588235 | Y102: 56.470588 | Z102: 151.52941 | AA102: 39.529412 | AB102: 0 | AC102: 116.70588 | AD102: 284.23529 | AE102: 92.235294
A104: Nocturne | B104: 28.235294 | C104: 70.588235 | D104: 47.058824 | E104: 131.76471 | F104: 80 | G104: 47.058824 | H104: 65.882353 | I104: 47.058824 | J104: 84.705882 | K104: 84.705882 | L104: 112.94118 | M104: 61.176471 | N104: 47.058824 | O104: 28.235294 | P104: 18.823529 | Q104: 28.235294 | R104: 28.235294 | S104: 94.117647 | T104: 28.235294 | U104: 9.4117647 | V104: 32.941176 | W104: 42.352941 | X104: 23.529412 | Y104: 42.352941 | Z104: 94.117647 | AA104: 28.235294 | AB104: 47.058824 | AC104: 28.235294 | AD104: 23.529412 | AE104: 28.235294
A105: Pass | B105: 57.411765 | C105: 56.470588 | D105: 37.647059 | E105: 65.722055 | F105: 47.058824 | G105: 18.823529 | H105: 23.529412 | I105: 42.352941 | J105: 18.823529 | K105: 9.4117647 | L105: 48.822098 | M105: 70.588235 | N105: 9.4117647 | O105: 4.7058824 | P105: 18.823529 | Q105: 9.4117647 | R105: 5.633319 | S105: 37.647059 | T105: 56.470588 | U105: 9.4117647 | V105: 4.6944325 | W105: 23.529412 | X105: 9.4117647 | Y105: 14.117647 | Z105: 42.352941 | AA105: 42.352941 | AB105: 9.4117647 | AC105: 9.4117647 | AD105: 14.117647 | AE105: 18.823529
A106: TA + Cong | B106: 0 | C106: 978.82353 | D106: 0 | E106: 0 | F106: 56.470588 | G106: 0 | H106: 0 | I106: 81.882353 | J106: 978.82353 | K106: 37.647059 | L106: 56.470588 | M106: 0 | N106: 0 | O106: 0 | P106: 225.88235 | Q106: 0 | R106: 0 | S106: 0 | T106: 0 | U106: 0 | V106: 0 | W106: 0 | X106: 37.647059 | Y106: 517.64706 | Z106: 800 | AA106: 65.882353 | AB106: 0 | AC106: 0 | AD106: 0 | AE106: 0
A107: Invités | B107: 56.470588 | C107: 65.882353 | D107: 70.588235 | E107: 216.47059 | F107: 131.76471 | G107: 84.705882 | H107: 65.882353 | I107: 47.058824 | J107: 56.470588 | K107: 47.058824 | L107: 291.76471 | M107: 164.70588 | N107: 37.647059 | O107: 70.588235 | P107: 37.647059 | Q107: 112.94118 | R107: 47.058824 | S107: 658.82353 | T107: 301.17647 | U107: 47.058824 | V107: 56.470588 | W107: 47.058824 | X107: 65.882353 | Y107: 178.82353 | Z107: 517.64706 | AA107: 207.05882 | AB107: 47.058824 | AC107: 37.647059 | AD107: 47.058824 | AE107: 42.352941
B109: 40452 | C109: 40453 | D109: 40454 | E109: 40455 | F109: 40456 | G109: 40457 | H109: 40458 | I109: 40459 | J109: 40460 | K109: 40461 | L109: 40462 | M109: 40463 | N109: 40464 | O109: 40465 | P109: 40466 | Q109: 40467 | R109: 40468 | S109: 40469 | T109: 40470 | U109: 40471 | V109: 40472 | W109: 40473 | X109: 40474 | Y109: 40475 | Z109: 40476 | AA109: 40477 | AB109: 40478 | AC109: 40479 | AD109: 40480 | AE109: 40481 | AF109: 40482
A110: Ind Cash | B110: 227.76471 | C110: 1826.4941 | D110: 1051.2471 | E110: 160 | F110: 114.35294 | G110: 97.129412 | H110: 87.341176 | I110: 95.435294 | J110: 2086.4471 | K110: 1324.6588 | L110: 193.97647 | M110: 210.72941 | N110: 183.85882 | O110: 195.57647 | P110: 184.09412 | Q110: 2496.4235 | R110: 1878.6824 | S110: 218.49412 | T110: 219.29412 | U110: 146.44706 | V110: 194.68235 | W110: 213.17647 | X110: 1673.4588 | Y110: 1595.2941 | Z110: 1878.3059 | AA110: 2073.6471 | AB110: 2851.8588 | AC110: 2548.0941 | AD110: 2590.8235 | AE110: 2224.8471 | AF110: 3082.5882
A111: Ind Résa | B111: 283.29412 | C111: 1792.3294 | D111: 1078.6353 | E111: 257.88235 | F111: 263.05882 | G111: 240.75294 | H111: 257.12941 | I111: 332.8 | J111: 1613.3176 | K111: 1007.5765 | L111: 370.72941 | M111: 476.32941 | N111: 387.43529 | O111: 281.6 | P111: 260.14118 | Q111: 1793.4588 | R111: 1238.4941 | S111: 339.62353 | T111: 433.88235 | U111: 309.08235 | V111: 281.55294 | W111: 282.82353 | X111: 2007.4824 | Y111: 2954.3529 | Z111: 4021.9294 | AA111: 4566.3529 | AB111: 3883.2 | AC111: 4378.0235 | AD111: 4164.9412 | AE111: 4669.2706 | AF111: 4090.1176
A113: G. AD | B113: 144.94118 | C113: 2569.4118 | D113: 2319.0588 | E113: 0 | F113: 62.117647 | G113: 62.117647 | H113: 89.411765 | I113: 84.705882 | J113: 4178.8235 | K113: 2311.5294 | L113: 32.941176 | M113: 80.941176 | N113: 0 | O113: 75.294118 | P113: 32.941176 | Q113: 1363.7647 | R113: 1330.8235 | S113: 127.05882 | T113: 75.294118 | U113: 42.352941 | V113: 70.588235 | W113: 14.117647 | X113: 1217.8824 | Y113: 945.88235 | Z113: 404.70588 | AA113: 122.35294 | AB113: 188.23529 | AC113: 141.17647 | AD113: 28.235294 | AE113: 752.94118 | AF113: 480
A114: G Jeune | B114: 112 | C114: 197.64706 | D114: 202.35294 | E114: 108.23529 | F114: 28.235294 | G114: 165.64706 | H114: 18.823529 | I114: 160 | J114: 86.588235 | K114: 48.941176 | L114: 0 | M114: 42.352941 | N114: 145.88235 | O114: 51.764706 | P114: 184.47059 | Q114: 24.470588 | R114: 244.70588 | S114: 242.82353 | T114: 112.94118 | U114: 230.58824 | V114: 310.58824 | W114: 225.88235 | X114: 564.70588 | Y114: 283.29412 | Z114: 330.35294 | AA114: 388.70588 | AB114: 418.82353 | AC114: 767.05882 | AD114: 1102.1176 | AE114: 1007.0588 | AF114: 484.70588
A116: Nocturne | B116: 51.764706 | C116: 103.52941 | D116: 0 | E116: 0 | F116: 0 | G116: 0 | H116: 0 | I116: 0 | J116: 56.902437 | K116: 0 | L116: 0 | M116: 0 | N116: 0 | O116: 0 | P116: 0 | Q116: 61.176471 | R116: 0 | S116: 0 | T116: 0 | U116: 0 | V116: 0 | W116: 0 | X116: 94.117647 | Y116: 94.117647 | Z116: 117.64706 | AA116: 94.117647 | AB116: 141.43646 | AC116: 103.52941 | AD116: 94.117647 | AE116: 65.882353 | AF116: 65.882353
A117: Pass | B117: 14.117647 | C117: 37.647059 | D117: 47.058824 | E117: 9.4117647 | F117: 9.4117647 | G117: 9.4117647 | H117: 4.7058824 | I117: 9.4117647 | J117: 37.647059 | K117: 56.470588 | L117: 4.7058824 | M117: 9.4117647 | N117: 9.4117647 | O117: 9.4117647 | P117: 4.7058824 | Q117: 38.15466 | R117: 56.470588 | S117: 5.5836087 | T117: 9.3060145 | U117: 9.3060145 | V117: 9.4117647 | W117: 9.4117647 | X117: 64.941176 | Y117: 80 | Z117: 70.588235 | AA117: 84.318212 | AB117: 84.705882 | AC117: 89.411765 | AD117: 94.117647 | AE117: 65.580832 | AF117: 56.470588
A118: TA + Cong | B118: 0 | C118: 235.29412 | D118: 0 | E118: 0 | F118: 0 | G118: 28.235294 | H118: 0 | I118: 28.235294 | J118: 0 | K118: 0 | L118: 0 | M118: 0 | N118: 235.29412 | O118: 0 | P118: 112.94118 | Q118: 112.94118 | R118: 0 | S118: 0 | T118: 0 | U118: 32.941176 | V118: 235.29412 | W118: 0 | X118: 0 | Y118: 94.117647 | Z118: 0 | AA118: 0 | AB118: 0 | AC118: 0 | AD118: 0 | AE118: 0 | AF118: 0
A119: Invités | B119: 28.235294 | C119: 320 | D119: 197.64706 | E119: 42.352941 | F119: 164.70588 | G119: 23.529412 | H119: 28.235294 | I119: 28.235294 | J119: 324.70588 | K119: 169.41176 | L119: 42.352941 | M119: 56.470588 | N119: 37.647059 | O119: 47.058824 | P119: 94.117647 | Q119: 781.17647 | R119: 178.82353 | S119: 32.941176 | T119: 169.41176 | U119: 32.941176 | V119: 56.470588 | W119: 47.058824 | X119: 329.41176 | Y119: 329.41176 | Z119: 329.41176 | AA119: 329.41176 | AB119: 329.41176 | AC119: 329.41176 | AD119: 263.52941 | AE119: 329.41176 | AF119: 235.29412
B121: 40483 | C121: 40484 | D121: 40485 | E121: 40486 | F121: 40487 | G121: 40488 | H121: 40489 | I121: 40490 | J121: 40491 | K121: 40492 | L121: 40493 | M121: 40494 | N121: 40495 | O121: 40496 | P121: 40497 | Q121: 40498 | R121: 40499 | S121: 40500 | T121: 40501 | U121: 40502 | V121: 40503 | W121: 40504 | X121: 40505 | Y121: 40506 | Z121: 40507 | AA121: 40508 | AB121: 40509 | AC121: 40510 | AD121: 40511 | AE121: 40512
A122: Ind Cash | B122: 2244.2353 | C122: 2374.0235 | D122: 1405.4588 | E122: 283.95294 | F122: 150.44706 | G122: 1126.0235 | H122: 588.51765 | I122: 787.15294 | J122: 666.63529 | K122: 651.38824 | L122: 897.83529 | M122: 899.43529 | N122: 1999.1059 | O122: 1673.6941 | P122: 0 | Q122: 0 | R122: 0 | S122: 0 | T122: 0 | U122: 778.49412 | V122: 442.82353 | W122: 0 | X122: 0 | Y122: 0 | Z122: 0 | AA122: 0 | AB122: 800.23529 | AC122: 510.72941 | AD122: 0 | AE122: 0
A123: Ind Résa | B123: 4182.1176 | C123: 2846.6824 | D123: 603.95294 | E123: 267.57647 | F123: 218.49412 | G123: 2409.0353 | H123: 3747.4824 | I123: 2541.7882 | J123: 818.54118 | K123: 346.25882 | L123: 261.69412 | M123: 315.62353 | N123: 2296.4235 | O123: 1944.1882 | P123: 0 | Q123: 0 | R123: 0 | S123: 0 | T123: 0 | U123: 1987.6235 | V123: 1547.7647 | W123: 0 | X123: 0 | Y123: 0 | Z123: 0 | AA123: 0 | AB123: 2187.0588 | AC123: 1922.2118 | AD123: 0 | AE123: 0
A125: G. AD | B125: 0 | C125: 0 | D125: 0 | E125: 0 | F125: 19.764706 | G125: 1082.3529 | H125: 1129.4118 | I125: 84.705882 | J125: 0 | K125: 61.176471 | L125: 28.235294 | M125: 32.941176 | N125: 1793.8824 | O125: 1764.7059 | P125: 0 | Q125: 0 | R125: 0 | S125: 0 | T125: 0 | U125: 2480 | V125: 2117.6471 | W125: 0 | X125: 0 | Y125: 0 | Z125: 0 | AA125: 0 | AB125: 2192.9412 | AC125: 2047.0588 | AD125: 0 | AE125: 0
A126: G Jeune | B126: 188.23529 | C126: 87.529412 | D126: 456.47059 | E126: 785.88235 | F126: 75.294118 | G126: 156.23529 | H126: 42.352941 | I126: 95.058824 | J126: 49.882353 | K126: 47.058824 | L126: 82.823529 | M126: 112.94118 | N126: 348.23529 | O126: 214.58824 | P126: 98.823529 | Q126: 98.823529 | R126: 0 | S126: 0 | T126: 0 | U126: 0 | V126: 0 | W126: 40.470588 | X126: 0 | Y126: 0 | Z126: 0 | AA126: 0 | AB126: 0 | AC126: 0 | AD126: 28.235294 | AE126: 0
A128: Nocturne | B128: 65.882353 | C128: 65.882353 | D128: 0 | E128: 0 | F128: 0 | G128: 47.058824 | H128: 0 | I128: 0 | J128: 0 | K128: 0 | L128: 0 | M128: 0 | N128: 14.117647 | O128: 0 | P128: 0 | Q128: 0 | R128: 0 | S128: 0 | T128: 0 | U128: 14.117647 | V128: 0 | W128: 0 | X128: 0 | Y128: 0 | Z128: 0 | AA128: 0 | AB128: 14.117647 | AC128: 0 | AD128: 0 | AE128: 0
A129: Pass | B129: 14.117647 | C129: 65.882353 | D129: 74.949522 | E129: 4.7058824 | F129: 9.4117647 | G129: 23.529412 | H129: 32.941176 | I129: 0 | J129: 0 | K129: 0 | L129: 0 | M129: 0 | N129: 23.529412 | O129: 28.235294 | P129: 0 | Q129: 0 | R129: 0 | S129: 0 | T129: 0 | U129: 32.941176 | V129: 46.833662 | W129: 0 | X129: 0 | Y129: 0 | Z129: 0 | AA129: 0 | AB129: 28.235294 | AC129: 32.941176 | AD129: 0 | AE129: 0
A130: TA + Cong | B130: 0 | C130: 0 | D130: 0 | E130: 135.52941 | F130: 56.470588 | G130: 0 | H130: 57.411765 | I130: 0 | J130: 0 | K130: 0 | L130: 0 | M130: 0 | N130: 56.470588 | O130: 0 | P130: 0 | Q130: 0 | R130: 0 | S130: 0 | T130: 0 | U130: 282.35294 | V130: 0 | W130: 0 | X130: 0 | Y130: 155.29412 | Z130: 0 | AA130: 0 | AB130: 141.17647 | AC130: 0 | AD130: 0 | AE130: 0
A131: Invités | B131: 470.58824 | C131: 941.17647 | D131: 705.88235 | E131: 103.52941 | F131: 122.35294 | G131: 376.47059 | H131: 216.47059 | I131: 0 | J131: 0 | K131: 0 | L131: 141.17647 | M131: 0 | N131: 320 | O131: 207.05882 | P131: 0 | Q131: 0 | R131: 0 | S131: 0 | T131: 0 | U131: 635.29412 | V131: 207.05882 | W131: 0 | X131: 0 | Y131: 0 | Z131: 0 | AA131: 0 | AB131: 282.35294 | AC131: 188.23529 | AD131: 0 | AE131: 0
B133: 40513 | C133: 40514 | D133: 40515 | E133: 40516 | F133: 40517 | G133: 40518 | H133: 40519 | I133: 40520 | J133: 40521 | K133: 40522 | L133: 40523 | M133: 40524 | N133: 40525 | O133: 40526 | P133: 40527 | Q133: 40528 | R133: 40529 | S133: 40530 | T133: 40531 | U133: 40532 | V133: 40533 | W133: 40534 | X133: 40535 | Y133: 40536 | Z133: 40537 | AA133: 40538 | AB133: 40539 | AC133: 40540 | AD133: 40541 | AE133: 40542 | AF133: 40543
...

Sheet 6 - 1,6M visite 181109
K2: France | AA2: International
B3: Budget 2010 | C3: Mois | D3: Jour | E3: Date | F3: Sem | G3: JF | H3: VAC | K3: Ind Cash | N3: Ind Rés | Z3: Ind total | AA3: Ind Cash | AD3: Ind Rés | AP3: Ind total | AQ3: % Ind Rés / Total Ind Brut | AR3: Total cash | AS3: Total résa | AT3: Ind Brut | AU3: Nocturne | AV3: Pass | AW3: TA CONG | AX3: Invités | AY3: Total Divers | BA3: G Adulte | BF3: G J | BG3: Total Groupe | BH3: Total | BI3: Cumul | FE3: Dates | FF3: Indiv cash | FG3: Indiv résa | FH3: Total Individuels | FI3: Grpes Adultes | FJ3: Grpes Jeunes | FK3: Total Groupes | FL3: Nocturnes | FM3: Pass | FN3: Tourisme d'Affaires | FO3: Invités | FP3: Total Divers | FR3: Fréquentat° Totale | FT3: Indiv | FU3: Groupe | FV3: Prévi Fréq hors TA CONGRES | FW3: Delta = TA + Congrés
L4: Sec | M4: France | AB4: Sec | AC4: International | BA4: France | BC4: Total
K5: 1 Jour | L5: 2 Jours & + | M5: Total | N5: 1 jour | O5: 2 Jours & + | P5: Total | Q5: 1 jour | R5: 2 Jours & + | S5: Total | T5: 1 jour | U5: 2 Jours & + | V5: Total | W5: 1 jour | X5: 2 Jours & + | Y5: Total | AA5: 1 Jour | AB5: 2 Jours & + | AC5: Total | AD5: 1 jour | AE5: 2 Jours & + | AF5: Total | AG5: 1 jour | AH5: 2 Jours & + | AI5: Total | AJ5: 1 jour | AK5: 2 Jours & + | AL5: Total | AM5: 1 jour | AN5: 2 Jours & + | AO5: Total | BA5: 1 jour | BB5: 2 Jours & + | BC5: 1 jour | BD5: 2 Jours & + | BE5: Total | BF5: Total
A6: 0 | B6: 40179 | C6: 40179 | D6: 39451 | E6: 40179 | F6: 0 | G6: Jour An | H6: ABC | K6: 1536 | L6: 155.29412 | M6: 1691.2941 | N6: 425.41176 | O6: 153.41176 | P6: 578.82353 | Q6: 53.647059 | R6: 7.5294118 | S6: 61.176471 | T6: 321.88235 | U6: 2870.5882 | V6: 3192.4706 | W6: 800.94118 | X6: 3031.5294 | Y6: 3832.4706 | Z6: 5523.7647 | AA6: 19.2 | AB6: 5.9294118 | AC6: 25.129412 | AD6: 0 | AE6: 0 | AF6: 0 | AG6: 44.8 | AH6: 13.835294 | AI6: 58.635294 | AJ6: 20.705882 | AK6: 104.47059 | AL6: 125.17647 | AM6: 65.505882 | AN6: 118.30588 | AO6: 183.81176 | AP6: 208.94118 | AQ6: 0 | AR6: 1716.4235 | AS6: 4016.2824 | AT6: 5732.7059 | AU6: 0 | AV6: 112.94118 | AW6: 16 | AX6: 635.29412 | AY6: 764.23529 | AZ6: 0 | BA6: 0 | BB6: 0 | BC6: 0 | BD6: 0 | BE6: 0 | BF6: 0 | BG6: 0 | BH6: 6496.9412 | BI6: 6496.9412 | FE6: 40179 | FF6: 1536 | FG6: 425.41176 | FH6: 1961.4118 | FI6: 0 | FJ6: #REF! | FK6: #REF! | FL6: 0 | FM6: 112.94118 | FN6: #REF! | FO6: 635.29412 | FP6: #REF! | FR6: #REF!
A7: 0 | B7: 40180 | C7: 40180 | D7: 39452 | E7: 40180 | F7: 0 | H7: ABC | K7: 1668.7059 | L7: 290.82353 | M7: 1959.5294 | N7: 363.29412 | O7: 119.52941 | P7: 482.82353 | Q7: 50.823529 | R7: 7.5294118 | S7: 58.352941 | T7: 336.94118 | U7: 2881.8824 | V7: 3218.8235 | W7: 751.05882 | X7: 3008.9412 | Y7: 3760 | Z7: 5719.5294 | AA7: 15.529412 | AB7: 6.4941176 | AC7: 22.023529 | AD7: 0 | AE7: 0 | AF7: 0 | AG7: 36.235294 | AH7: 15.152941 | AI7: 51.388235 | AJ7: 42.352941 | AK7: 151.52941 | AL7: 193.88235 | AM7: 78.588235 | AN7: 166.68235 | AO7: 245.27059 | AP7: 267.29412 | AQ7: 0 | AR7: 1981.5529 | AS7: 4005.2706 | AT7: 5986.8235 | AU7: 18.823529 | AV7: 112.94118 | AW7: 94.117647 | AX7: 658.82353 | AY7: 884.70588 | AZ7: 0 | BA7: 0 | BB7: 0 | BC7: 0 | BD7: 0 | BE7: 0 | BF7: 0 | BG7: 0 | BH7: 6871.5294 | BI7: 13368.471 | FE7: 40180 | FF7: 1668.7059 | FG7: 363.29412 | FH7: 2032 | FI7: 0 | FJ7: #REF! | FK7: #REF! | FL7: 18.823529 | FM7: 112.94118 | FN7: #REF! | FO7: 658.82353 | FP7: #REF! | FR7: #REF!
A8: 0 | B8: 40181 | C8: 40181 | D8: 39453 | E8: 40181 | F8: 0 | H8: ABC | K8: 847.05882 | L8: 70.588235 | M8: 917.64706 | N8: 136.47059 | O8: 58.352941 | P8: 194.82353 | Q8: 6.5882353 | R8: 0 | S8: 6.5882353 | T8: 102.58824 | U8: 862.11765 | V8: 964.70588 | W8: 245.64706 | X8: 920.47059 | Y8: 1166.1176 | Z8: 2083.7647 | AA8: 9.3176471 | AB8: 0 | AC8: 9.3176471 | AD8: 1.8823529 | AE8: 0 | AF8: 1.8823529 | AG8: 21.741176 | AH8: 0 | AI8: 21.741176 | AJ8: 19.764706 | AK8: 70.588235 | AL8: 90.352941 | AM8: 43.388235 | AN8: 70.588235 | AO8: 113.97647 | AP8: 123.29412 | AQ8: 0 | AR8: 926.96471 | AS8: 1280.0941 | AT8: 2207.0588 | AU8: 18.823529 | AV8: 112.94118 | AW8: 541.17647 | AX8: 357.64706 | AY8: 1030.5882 | AZ8: 0 | BA8: 0 | BB8: 0 | BC8: 0 | BD8: 0 | BE8: 0 | BF8: 0 | BG8: 0 | BH8: 3237.6471 | BI8: 16606.118 | FE8: 40181 | FF8: 847.05882 | FG8: 136.47059 | FH8: 983.52941 | FI8: 0 | FJ8: #REF! | FK8: #REF! | FL8: 18.823529 | FM8: 112.94118 | FN8: #REF! | FO8: 357.64706 | FP8: #REF! | FR8: #REF!
A9: 0 | B9: 40182 | C9: 40182 | D9: 39454 | E9: 40182 | F9: 1 | K9: 0 | L9: 0 | M9: 0 | N9: 0 | O9: 0 | P9: 0 | Q9: 0 | R9: 0 | S9: 0 | T9: 0 | U9: 0 | V9: 0 | W9: 0 | X9: 0 | Y9: 0 | Z9: 0 | AA9: 0 | AB9: 0 | AC9: 0 | AD9: 0 | AE9: 0 | AF9: 0 | AG9: 0 | AH9: 0 | AI9: 0 | AJ9: 0 | AK9: 0 | AL9: 0 | AM9: 0 | AN9: 0 | AO9: 0 | AP9: 0 | AQ9: 0 | AR9: 0 | AS9: 0 | AT9: 0 | AU9: 0 | AV9: 0 | AW9: 0 | AX9: 0 | AY9: 0 | AZ9: 0 | BA9: 0 | BB9: 0 | BC9: 0 | BD9: 0 | BE9: 0 | BF9: 0 | BG9: 0 | BH9: 0 | BI9: 16606.118 | FE9: 40182 | FF9: 0 | FG9: 0 | FH9: 0 | FI9: 0 | FJ9: #REF! | FK9: #REF! | FL9: 0 | FM9: 0 | FN9: #REF! | FO9: 0 | FP9: #REF! | FR9: #REF!
A10: 0 | B10: 40183 | C10: 40183 | D10: 39455 | E10: 40183 | F10: 1 | K10: 0 | L10: 0 | M10: 0 | N10: 0 | O10: 0 | P10: 0 | Q10: 0 | R10: 0 | S10: 0 | T10: 0 | U10: 0 | V10: 0 | W10: 0 | X10: 0 | Y10: 0 | Z10: 0 | AA10: 0 | AB10: 0 | AC10: 0 | AD10: 0 | AE10: 0 | AF10: 0 | AG10: 0 | AH10: 0 | AI10: 0 | AJ10: 0 | AK10: 0 | AL10: 0 | AM10: 0 | AN10: 0 | AO10: 0 | AP10: 0 | AQ10: 0 | AR10: 0 | AS10: 0 | AT10: 0 | AU10: 0 | AV10: 0 | AW10: 658.82353 | AX10: 0 | AY10: 658.82353 | AZ10: 0 | BA10: 0 | BB10: 0 | BC10: 0 | BD10: 0 | BE10: 0 | BF10: 0 | BG10: 0 | BH10: 658.82353 | BI10: 17264.941 | FE10: 40183 | FF10: 0 | FG10: 0 | FH10: 0 | FI10: 0 | FJ10: #REF! | FK10: #REF! | FL10: 0 | FM10: 0 | FN10: #REF! | FO10: 0 | FP10: #REF! | FR10: #REF!
A11: 0 | B11: 40184 | C11: 40184 | D11: 39456 | E11: 40184 | F11: 1 | K11: 0 | L11: 0 | M11: 0 | N11: 0 | O11: 0 | P11: 0 | Q11: 0 | R11: 0 | S11: 0 | T11: 0 | U11: 0 | V11: 0 | W11: 0 | X11: 0 | Y11: 0 | Z11: 0 | AA11: 0 | AB11: 0 | AC11: 0 | AD11: 0 | AE11: 0 | AF11: 0 | AG11: 0 | AH11: 0 | AI11: 0 | AJ11: 0 | AK11: 0 | AL11: 0 | AM11: 0 | AN11: 0 | AO11: 0 | AP11: 0 | AQ11: 0 | AR11: 0 | AS11: 0 | AT11: 0 | AU11: 0 | AV11: 0 | AW11: 0 | AX11: 0 | AY11: 0 | AZ11: 0 | BA11: 0 | BB11: 0 | BC11: 0 | BD11: 0 | BE11: 0 | BF11: 0 | BG11: 0 | BH11: 0 | BI11: 17264.941 | FE11: 40184 | FF11: 0 | FG11: 0 | FH11: 0 | FI11: 0 | FJ11: #REF! | FK11: #REF! | FL11: 0 | FM11: 0 | FN11: #REF! | FO11: 0 | FP11: #REF! | FR11: #REF!
A12: 0 | B12: 40185 | C12: 40185 | D12: 39457 | E12: 40185 | F12: 1 | K12: 0 | L12: 0 | M12: 0 | N12: 0 | O12: 0 | P12: 0 | Q12: 0 | R12: 0 | S12: 0 | T12: 0 | U12: 0 | V12: 0 | W12: 0 | X12: 0 | Y12: 0 | Z12: 0 | AA12: 0 | AB12: 0 | AC12: 0 | AD12: 0 | AE12: 0 | AF12: 0 | AG12: 0 | AH12: 0 | AI12: 0 | AJ12: 0 | AK12: 0 | AL12: 0 | AM12: 0 | AN12: 0 | AO12: 0 | AP12: 0 | AQ12: 0 | AR12: 0 | AS12: 0 | AT12: 0 | AU12: 0 | AV12: 0 | AW12: 188.23529 | AX12: 0 | AY12: 188.23529 | AZ12: 0 | BA12: 0 | BB12: 0 | BC12: 0 | BD12: 0 | BE12: 0 | BF12: 0 | BG12: 0 | BH12: 188.23529 | BI12: 17453.176 | FE12: 40185 | FF12: 0 | FG12: 0 | FH12: 0 | FI12: 0 | FJ12: #REF! | FK12: #REF! | FL12: 0 | FM12: 0 | FN12: #REF! | FO12: 0 | FP12: #REF! | FR12: #REF!
A13: 0 | B13: 40186 | C13: 40186 | D13: 39458 | E13: 40186 | F13: 1 | K13: 0 | L13: 0 | M13: 0 | N13: 0 | O13: 0 | P13: 0 | Q13: 0 | R13: 0 | S13: 0 | T13: 0 | U13: 0 | V13: 0 | W13: 0 | X13: 0 | Y13: 0 | Z13: 0 | AA13: 0 | AB13: 0 | AC13: 0 | AD13: 0 | AE13: 0 | AF13: 0 | AG13: 0 | AH13: 0 | AI13: 0 | AJ13: 0 | AK13: 0 | AL13: 0 | AM13: 0 | AN13: 0 | AO13: 0 | AP13: 0 | AQ13: 0 | AR13: 0 | AS13: 0 | AT13: 0 | AU13: 0 | AV13: 0 | AW13: 0 | AX13: 0 | AY13: 0 | AZ13: 0 | BA13: 0 | BB13: 0 | BC13: 0 | BD13: 0 | BE13: 0 | BF13: 0 | BG13: 0 | BH13: 0 | BI13: 17453.176 | FE13: 40186 | FF13: 0 | FG13: 0 | FH13: 0 | FI13: 0 | FJ13: #REF! | FK13: #REF! | FL13: 0 | FM13: 0 | FN13: #REF! | FO13: 0 | FP13: #REF! | FR13: #REF!
A14: 0 | B14: 40187 | C14: 40187 | D14: 39459 | E14: 40187 | F14: 1 | K14: 0 | L14: 0 | M14: 0 | N14: 0 | O14: 0 | P14: 0 | Q14: 0 | R14: 0 | S14: 0 | T14: 0 | U14: 0 | V14: 0 | W14: 0 | X14: 0 | Y14: 0 | Z14: 0 | AA14: 0 | AB14: 0 | AC14: 0 | AD14: 0 | AE14: 0 | AF14: 0 | AG14: 0 | AH14: 0 | AI14: 0 | AJ14: 0 | AK14: 0 | AL14: 0 | AM14: 0 | AN14: 0 | AO14: 0 | AP14: 0 | AQ14: 0 | AR14: 0 | AS14: 0 | AT14: 0 | AU14: 0 | AV14: 0 | AW14: 21.647059 | AX14: 0 | AY14: 21.647059 | AZ14: 0 | BA14: 0 | BB14: 0 | BC14: 0 | BD14: 0 | BE14: 0 | BF14: 0 | BG14: 0 | BH14: 21.647059 | BI14: 17474.824 | FE14: 40187 | FF14: 0 | FG14: 0 | FH14: 0 | FI14: 0 | FJ14: #REF! | FK14: #REF! | FL14: 0 | FM14: 0 | FN14: #REF! | FO14: 0 | FP14: #REF! | FR14: #REF!
A15: 0 | B15: 40188 | C15: 40188 | D15: 39460 | E15: 40188 | F15: 1 | K15: 0 | L15: 0 | M15: 0 | N15: 0 | O15: 0 | P15: 0 | Q15: 0 | R15: 0 | S15: 0 | T15: 0 | U15: 0 | V15: 0 | W15: 0 | X15: 0 | Y15: 0 | Z15: 0 | AA15: 0 | AB15: 0 | AC15: 0 | AD15: 0 | AE15: 0 | AF15: 0 | AG15: 0 | AH15: 0 | AI15: 0 | AJ15: 0 | AK15: 0 | AL15: 0 | AM15: 0 | AN15: 0 | AO15: 0 | AP15: 0 | AQ15: 0 | AR15: 0 | AS15: 0 | AT15: 0 | AU15: 0 | AV15: 0 | AW15: 0 | AX15: 0 | AY15: 0 | AZ15: 0 | BA15: 0 | BB15: 0 | BC15: 0 | BD15: 0 | BE15: 0 | BF15: 0 | BG15: 0 | BH15: 0 | BI15: 17474.824 | FE15: 40188 | FF15: 0 | FG15: 0 | FH15: 0 | FI15: 0 | FJ15: #REF! | FK15: #REF! | FL15: 0 | FM15: 0 | FN15: #REF! | FO15: 0 | FP15: #REF! | FR15: #REF!
A16: 0 | B16: 40189 | C16: 40189 | D16: 39461 | E16: 40189 | F16: 2 | K16: 0 | L16: 0 | M16: 0 | N16: 0 | O16: 0 | P16: 0 | Q16: 0 | R16: 0 | S16: 0 | T16: 0 | U16: 0 | V16: 0 | W16: 0 | X16: 0 | Y16: 0 | Z16: 0 | AA16: 0 | AB16: 0 | AC16: 0 | AD16: 0 | AE16: 0 | AF16: 0 | AG16: 0 | AH16: 0 | AI16: 0 | AJ16: 0 | AK16: 0 | AL16: 0 | AM16: 0 | AN16: 0 | AO16: 0 | AP16: 0 | AQ16: 0 | AR16: 0 | AS16: 0 | AT16: 0 | AU16: 0 | AV16: 0 | AW16: 0 | AX16: 0 | AY16: 0 | AZ16: 0 | BA16: 0 | BB16: 0 | BC16: 0 | BD16: 0 | BE16: 0 | BF16: 0 | BG16: 0 | BH16: 0 | BI16: 17474.824 | FE16: 40189 | FF16: 0 | FG16: 0 | FH16: 0 | FI16: 0 | FJ16: #REF! | FK16: #REF! | FL16: 0 | FM16: 0 | FN16: #REF! | FO16: 0 | FP16: #REF! | FR16: #REF!
A17: 0 | B17: 40190 | C17: 40190 | D17: 39462 | E17: 40190 | F17: 2 | K17: 0 | L17: 0 | M17: 0 | N17: 0 | O17: 0 | P17: 0 | Q17: 0 | R17: 0 | S17: 0 | T17: 0 | U17: 0 | V17: 0 | W17: 0 | X17: 0 | Y17: 0 | Z17: 0 | AA17: 0 | AB17: 0 | AC17: 0 | AD17: 0 | AE17: 0 | AF17: 0 | AG17: 0 | AH17: 0 | AI17: 0 | AJ17: 0 | AK17: 0 | AL17: 0 | AM17: 0 | AN17: 0 | AO17: 0 | AP17: 0 | AQ17: 0 | AR17: 0 | AS17: 0 | AT17: 0 | AU17: 0 | AV17: 0 | AW17: 0 | AX17: 0 | AY17: 0 | AZ17: 0 | BA17: 0 | BB17: 0 | BC17: 0 | BD17: 0 | BE17: 0 | BF17: 0 | BG17: 0 | BH17: 0 | BI17: 17474.824 | FE17: 40190 | FF17: 0 | FG17: 0 | FH17: 0 | FI17: 0 | FJ17: #REF! | FK17: #REF! | FL17: 0 | FM17: 0 | FN17: #REF! | FO17: 0 | FP17: #REF! | FR17: #REF!
A18: 0 | B18: 40191 | C18: 40191 | D18: 39463 | E18: 40191 | F18: 2 | K18: 0 | L18: 0 | M18: 0 | N18: 0 | O18: 0 | P18: 0 | Q18: 0 | R18: 0 | S18: 0 | T18: 0 | U18: 0 | V18: 0 | W18: 0 | X18: 0 | Y18: 0 | Z18: 0 | AA18: 0 | AB18: 0 | AC18: 0 | AD18: 0 | AE18: 0 | AF18: 0 | AG18: 0 | AH18: 0 | AI18: 0 | AJ18: 0 | AK18: 0 | AL18: 0 | AM18: 0 | AN18: 0 | AO18: 0 | AP18: 0 | AQ18: 0 | AR18: 0 | AS18: 0 | AT18: 0 | AU18: 0 | AV18: 0 | AW18: 0 | AX18: 0 | AY18: 0 | AZ18: 0 | BA18: 0 | BB18: 0 | BC18: 0 | BD18: 0 | BE18: 0 | BF18: 0 | BG18: 0 | BH18: 0 | BI18: 17474.824 | FE18: 40191 | FF18: 0 | FG18: 0 | FH18: 0 | FI18: 0 | FJ18: #REF! | FK18: #REF! | FL18: 0 | FM18: 0 | FN18: #REF! | FO18: 0 | FP18: #REF! | FR18: #REF!
A19: 0 | B19: 40192 | C19: 40192 | D19: 39464 | E19: 40192 | F19: 2 | K19: 0 | L19: 0 | M19: 0 | N19: 0 | O19: 0 | P19: 0 | Q19: 0 | R19: 0 | S19: 0 | T19: 0 | U19: 0 | V19: 0 | W19: 0 | X19: 0 | Y19: 0 | Z19: 0 | AA19: 0 | AB19: 0 | AC19: 0 | AD19: 0 | AE19: 0 | AF19: 0 | AG19: 0 | AH19: 0 | AI19: 0 | AJ19: 0 | AK19: 0 | AL19: 0 | AM19: 0 | AN19: 0 | AO19: 0 | AP19: 0 | AQ19: 0 | AR19: 0 | AS19: 0 | AT19: 0 | AU19: 0 | AV19: 0 | AW19: 322.82353 | AX19: 0 | AY19: 322.82353 | AZ19: 0 | BA19: 0 | BB19: 0 | BC19: 0 | BD19: 0 | BE19: 0 | BF19: 0 | BG19: 0 | BH19: 322.82353 | BI19: 17797.647 | FE19: 40192 | FF19: 0 | FG19: 0 | FH19: 0 | FI19: 0 | FJ19: #REF! | FK19: #REF! | FL19: 0 | FM19: 0 | FN19: #REF! | FO19: 0 | FP19: #REF! | FR19: #REF!
A20: 0 | B20: 40193 | C20: 40193 | D20: 39465 | E20: 40193 | F20: 2 | K20: 0 | L20: 0 | M20: 0 | N20: 0 | O20: 0 | P20: 0 | Q20: 0 | R20: 0 | S20: 0 | T20: 0 | U20: 0 | V20: 0 | W20: 0 | X20: 0 | Y20: 0 | Z20: 0 | AA20: 0 | AB20: 0 | AC20: 0 | AD20: 0 | AE20: 0 | AF20: 0 | AG20: 0 | AH20: 0 | AI20: 0 | AJ20: 0 | AK20: 0 | AL20: 0 | AM20: 0 | AN20: 0 | AO20: 0 | AP20: 0 | AQ20: 0 | AR20: 0 | AS20: 0 | AT20: 0 | AU20: 0 | AV20: 0 | AW20: 59.294118 | AX20: 0 | AY20: 59.294118 | AZ20: 0 | BA20: 0 | BB20: 0 | BC20: 0 | BD20: 0 | BE20: 0 | BF20: 0 | BG20: 0 | BH20: 59.294118 | BI20: 17856.941 | FE20: 40193 | FF20: 0 | FG20: 0 | FH20: 0 | FI20: 0 | FJ20: #REF! | FK20: #REF! | FL20: 0 | FM20: 0 | FN20: #REF! | FO20: 0 | FP20: #REF! | FR20: #REF!
... A36: 0 | B36: 40209 | C36: 40209 | D36: 39481 | E36: 40209 | F36: 4 | K36: 0 | L36: 0 | M36: 0 | N36: 0 | O36: 0 | P36: 0 | Q36: 0 | R36: 0 | S36: 0 | T36: 0 | U36: 0 | V36: 0 | W36: 0 | X36: 0 | Y36: 0 | Z36: 0 | AA36: 0 | AB36: 0 | AC36: 0 | AD36: 0 | AE36: 0 | AF36: 0 | AG36: 0 | AH36: 0 | AI36: 0 | AJ36: 0 | AK36: 0 | AL36: 0 | AM36: 0 | AN36: 0 | AO36: 0 | AP36: 0 | AQ36: 0 | AR36: 0 | AS36: 0 | AT36: 0 | AU36: 0 | AV36: 0 | AW36: 376.47059 | AX36: 0 | AY36: 376.47059 | AZ36: 0 | BA36: 0 | BB36: 0 | BC36: 0 | BD36: 0 | BE36: 0 | BF36: 0 | BG36: 0 | BH36: 376.47059 | BI36: 20118.588 | FE36: 40209 | FF36: 0 | FG36: 0 | FH36: 0 | FI36: 0 | FJ36: #REF! | FK36: #REF! | FL36: 0 | FM36: 0 | FN36: #REF! | FO36: 0 | FP36: #REF! | FR36: #REF!
AT37: 0 | AY37: 0
A38: 0 | B38: 40210 | C38: 40210 | D38: 39482 | E38: 40210 | F38: 5 | K38: 0 | L38: 0 | M38: 0 | N38: 0 | O38: 0 | P38: 0 | Q38: 0 | R38: 0 | S38: 0 | T38: 0 | U38: 0 | V38: 0 | W38: 0 | X38: 0 | Y38: 0 | Z38: 0 | AA38: 0 | AB38: 0 | AC38: 0 | AD38: 0 | AE38: 0 | AF38: 0 | AG38: 0 | AH38: 0 | AI38: 0 | AJ38: 0 | AK38: 0 | AL38: 0 | AM38: 0 | AN38: 0 | AO38: 0 | AP38: 0 | AQ38: 0 | AR38: 0 | AS38: 0 | AT38: 0 | AU38: 0 | AV38: 0 | AW38: 0 | AX38: 0 | AY38: 0 | AZ38: 0 | BA38: 0 | BB38: 0 | BC38: 0 | BD38: 0 | BE38: 0 | BF38: 0 | BG38: 0 | BH38: 0 | BI38: 20118.588 | FE38: 40210 | FF38: 0 | FG38: 0 | FH38: 0 | FI38: 0 | FJ38: #REF! | FK38: #REF! | FL38: 0 | FM38: 0 | FN38: #REF! | FO38: 0 | FP38: #REF! | FR38: #REF!
A39: 0 | B39: 40211 | C39: 40211 | D39: 39483 | E39: 40211 | F39: 5 | K39: 0 | L39: 0 | M39: 0 | N39: 0 | O39: 0 | P39: 0 | Q39: 0 | R39: 0 | S39: 0 | T39: 0 | U39: 0 | V39: 0 | W39: 0 | X39: 0 | Y39: 0 | Z39: 0 | AA39: 0 | AB39: 0 | AC39: 0 | AD39: 0 | AE39: 0 | AF39: 0 | AG39: 0 | AH39: 0 | AI39: 0 | AJ39: 0 | AK39: 0 | AL39: 0 | AM39: 0 | AN39: 0 | AO39: 0 | AP39: 0 | AQ39: 0 | AR39: 0 | AS39: 0 | AT39: 0 | AU39: 0 | AV39: 0 | AW39: 0 | AX39: 0 | AY39: 0 | AZ39: 0 | BA39: 0 | BB39: 0 | BC39: 0 | BD39: 0 | BE39: 0 | BF39: 0 | BG39: 0 | BH39: 0 | BI39: 20118.588 | FE39: 40211 | FF39: 0 | FG39: 0 | FH39: 0 | FI39: 0 | FJ39: #REF! | FK39: #REF! | FL39: 0 | FM39: 0 | FN39: #REF! | FO39: 0 | FP39: #REF! | FR39: #REF!
A40: 0 | B40: 40212 | C40: 40212 | D40: 39484 | E40: 40212 | F40: 5 | K40: 0 | L40: 0 | M40: 0 | N40: 0 | O40: 0 | P40: 0 | Q40: 0 | R40: 0 | S40: 0 | T40: 0 | U40: 0 | V40: 0 | W40: 0 | X40: 0 | Y40: 0 | Z40: 0 | AA40: 0 | AB40: 0 | AC40: 0 | AD40: 0 | AE40: 0 | AF40: 0 | AG40: 0 | AH40: 0 | AI40: 0 | AJ40: 0 | AK40: 0 | AL40: 0 | AM40: 0 | AN40: 0 | AO40: 0 | AP40: 0 | AQ40: 0 | AR40: 0 | AS40: 0 | AT40: 0 | AU40: 0 | AV40: 0 | AW40: 0 | AX40: 0 | AY40: 0 | AZ40: 0 | BA40: 0 | BB40: 0 | BC40: 0 | BD40: 0 | BE40: 0 | BF40: 0 | BG40: 0 | BH40: 0 | BI40: 20118.588 | FE40: 40212 | FF40: 0 | FG40: 0 | FH40: 0 | FI40: 0 | FJ40: #REF! | FK40: #REF! | FL40: 0 | FM40: 0 | FN40: #REF! | FO40: 0 | FP40: #REF! | FR40: #REF!
A41: 0 | B41: 40213 | C41: 40213 | D41: 39485 | E41: 40213 | F41: 5 | K41: 0 | L41: 0 | M41: 0 | N41: 0 | O41: 0 | P41: 0 | Q41: 0 | R41: 0 | S41: 0 | T41: 0 | U41: 0 | V41: 0 | W41: 0 | X41: 0 | Y41: 0 | Z41: 0 | AA41: 0 | AB41: 0 | AC41: 0 | AD41: 0 | AE41: 0 | AF41: 0 | AG41: 0 | AH41: 0 | AI41: 0 | AJ41: 0 | AK41: 0 | AL41: 0 | AM41: 0 | AN41: 0 | AO41: 0 | AP41: 0 | AQ41: 0 | AR41: 0 | AS41: 0 | AT41: 0 | AU41: 0 | AV41: 0 | AW41: 235.29412 | AX41: 0 | AY41: 235.29412 | AZ41: 0 | BA41: 0 | BB41: 0 | BC41: 0 | BD41: 0 | BE41: 0 | BF41: 0 | BG41: 0 | BH41: 235.29412 | BI41: 20353.882 | FE41: 40213 | FF41: 0 | FG41: 0 | FH41: 0 | FI41: 0 | FJ41: #REF! | FK41: #REF! | FL41: 0 | FM41: 0 | FN41: #REF! | FO41: 0 | FP41: #REF! | FR41: #REF!
A42: 0 | B42: 40214 | C42: 40214 | D42: 39486 | E42: 40214 | F42: 5 | K42: 0 | L42: 0 | M42: 0 | N42: 0 | O42: 0 | P42: 0 | Q42: 0 | R42: 0 | S42: 0 | T42: 0 | U42: 0 | V42: 0 | W42: 0 | X42: 0 | Y42: 0 | Z42: 0 | AA42: 0 | AB42: 0 | AC42: 0 | AD42: 0 | AE42: 0 | AF42: 0 | AG42: 0 | AH42: 0 | AI42: 0 | AJ42: 0 | AK42: 0 | AL42: 0 | AM42: 0 | AN42: 0 | AO42: 0 | AP42: 0 | AQ42: 0 | AR42: 0 | AS42: 0 | AT42: 0 | AU42: 0 | AV42: 0 | AW42: 0 | AX42: 0 | AY42: 0 | AZ42: 0 | BA42: 0 | BB42: 0 | BC42: 0 | BD42: 0 | BE42: 0 | BF42: 0 | BG42: 0 | BH42: 0 | BI42: 20353.882 | FE42: 40214 | FF42: 0 | FG42: 0 | FH42: 0 | FI42: 0 | FJ42: #REF! | FK42: #REF! | FL42: 0 | FM42: 0 | FN42: #REF! | FO42: 0 | FP42: #REF! | FR42: #REF!
A43: 0 | B43: 40215 | C43: 40215 | D43: 39487 | E43: 40215 | F43: 5 | H43: B | K43: 1214.1176 | L43: 240 | M43: 1454.1176 | N43: 541.17647 | O43: 42.352941 | P43: 583.52941 | Q43: 2.8235294 | R43: 0 | S43: 2.8235294 | T43: 51.764706 | U43: 1101.1765 | V43: 1152.9412 | W43: 595.76471 | X43: 1143.5294 | Y43: 1739.2941 | Z43: 3193.4118 | AA43: 0 | AB43: 0 | AC43: 0 | AD43: 0 | AE43: 0 | AF43: 0 | AG43: 0 | AH43: 0 | AI43: 0 | AJ43: 0 | AK43: 0 | AL43: 0 | AM43: 0 | AN43: 0 | AO43: 0 | AP43: 0 | AQ43: 0 | AR43: 1454.1176 | AS43: 1739.2941 | AT43: 3193.4118 | AU43: 0 | AV43: 112.94118 | AW43: 11.294118 | AX43: 613 | AY43: 737.23529 | AZ43: 0 | BA43: 70.588235 | BB43: 82.823529 | BC43: 70.588235 | BD43: 82.823529 | BE43: 153.41176 | BF43: 0 | BG43: 153.41176 | BH43: 4084.0588 | BI43: 24437.941 | FE43: 40215 | FF43: 1214.1176 | FG43: 541.17647 | FH43: 1755.2941 | FI43: 70.588235 | FJ43: #REF! | FK43: #REF! | FL43: 0 | FM43: 112.94118 | FN43: #REF! | FO43: 613 | FP43: #REF! | FR43: #REF!
A44: 0 | B44: 40216 | C44: 40216 | D44: 39488 | E44: 40216 | F44: 5 | H44: B | K44: 729.41176 | L44: 230.58824 | M44: 960 | N44: 371.76471 | O44: 38.588235 | P44: 410.35294 | Q44: 13.176471 | R44: 0 | S44: 13.176471 | T44: 51.764706 | U44: 729.41176 | V44: 781.17647 | W44: 436.70588 | X44: 768 | Y44: 1204.7059 | Z44: 2164.7059 | AA44: 0.84705882 | AB44: 0 | AC44: 0.84705882 | AD44: 0 | AE44: 0 | AF44: 0 | AG44: 1.9764706 | AH44: 0 | AI44: 1.9764706 | AJ44: 0 | AK44: 13.176471 | AL44: 13.176471 | AM44: 1.9764706 | AN44: 13.176471 | AO44: 15.152941 | AP44: 16 | AQ44: 0 | AR44: 960.84706 | AS44: 1219.8588 | AT44: 2180.7059 | AU44: 0 | AV44: 141.17647 | AW44: 11.294118 | AX44: 37.647059 | AY44: 190.11765 | AZ44: 0 | BA44: 0 | BB44: 0 | BC44: 0 | BD44: 0 | BE44: 0 | BF44: 23.529412 | BG44: 23.529412 | BH44: 2394.3529 | BI44: 26832.294 | FE44: 40216 | FF44: 729.41176 | FG44: 371.76471 | FH44: 1101.1765 | FI44: 0 | FJ44: #REF! | FK44: #REF! | FL44: 0 | FM44: 141.17647 | FN44: #REF! | FO44: 37.647059 | FP44: #REF! | FR44: #REF!
A45: 0 | B45: 40217 | C45: 40217 | D45: 39489 | E45: 40217 | F45: 6 | H45: B | K45: 696.47059 | L45: 92.235294 | M45: 788.70588 | N45: 634.35294 | O45: 65.882353 | P45: 700.23529 | Q45: 10.352941 | R45: 0 | S45: 10.352941 | T45: 51.764706 | U45: 1148.2353 | V45: 1200 | W45: 696.47059 | X45: 1214.1176 | Y45: 1910.5882 | Z45: 2699.2941 | AA45: 1.9764706 | AB45: 0 | AC45: 1.9764706 | AD45: 0 | AE45: 0 | AF45: 0 | AG45: 4.6117647 | AH45: 0 | AI45: 4.6117647 | AJ45: 0 | AK45: 7.5294118 | AL45: 7.5294118 | AM45: 4.6117647 | AN45: 7.5294118 | AO45: 12.141176 | AP45: 14.117647 | AQ45: 0 | AR45: 790.68235 | AS45: 1922.7294 | AT45: 2713.4118 | AU45: 0 | AV45: 94.117647 | AW45: 37.647059 | AX45: 18.823529 | AY45: 150.58824 | AZ45: 0 | BA45: 0 | BB45: 57.411765 | BC45: 0 | BD45: 57.411765 | BE45: 57.411765 | BF45: 82.823529 | BG45: 140.23529 | BH45: 3004.2353 | BI45: 29836.529 | FE45: 40217 | FF45: 696.47059 | FG45: 634.35294 | FH45: 1330.8235 | FI45: 0 | FJ45: #REF! | FK45: #REF! | FL45: 0 | FM45: 94.117647 | FN45: #REF! | FO45: 18.823529 | FP45: #REF! | FR45: #REF!
A46: 0 | B46: 40218 | C46: 40218 | D46: 39490 | E46: 40218 | F46: 6 | H46: B | K46: 932.70588 | L46: 95.058824 | M46: 1027.7647 | N46: 381.17647 | O46: 47.058824 | P46: 428.23529 | Q46: 26.352941 | R46: 0 | S46: 26.352941 | T46: 32.941176 | U46: 1002.3529 | V46: 1035.2941 | W46: 440.47059 | X46: 1049.4118 | Y46: 1489.8824 | Z46: 2517.6471 | AA46: 1.6941176 | AB46: 1.4117647 | AC46: 3.1058824 | AD46: 0 | AE46: 0 | AF46: 0 | AG46: 3.9529412 | AH46: 3.2941176 | AI46: 7.2470588 | AJ46: 0 | AK46: 9.4117647 | AL46: 9.4117647 | AM46: 3.9529412 | AN46: 12.705882 | AO46: 16.658824 | AP46: 19.764706 | AQ46: 0 | AR46: 1030.8706 | AS46: 1506.5412 | AT46: 2537.4118 | AU46: 0 | AV46: 94.117647 | AW46: 65.882353 | AX46: 376.47059 | AY46: 536.47059 | AZ46: 0 | BA46: 0 | BB46: 0 | BC46: 0 | BD46: 0 | BE46: 0 | BF46: 281.41176 | BG46: 281.41176 | BH46: 3355.2941 | BI46: 33191.824 | FE46: 40218 | FF46: 932.70588 | FG46: 381.17647 | FH46: 1313.8824 | FI46: 0 | FJ46: #REF! | FK46: #REF! | FL46: 0 | FM46: 94.117647 | FN46: #REF! | FO46: 376.47059 | FP46: #REF! | FR46: #REF!
A47: 0 | B47: 40219 | C47: 40219 | D47: 39491 | E47: 40219 | F47: 6 | H47: B | K47: 545.88235 | L47: 98.823529 | M47: 644.70588 | N47: 481.88235 | O47: 53.647059 | P47: 535.52941 | Q47: 7.5294118 | R47: 0 | S47: 7.5294118 | T47: 77.176471 | U47: 734.11765 | V47: 811.29412 | W47: 566.58824 | X47: 787.76471 | Y47: 1354.3529 | Z47: 1999.0588 | AA47: 1.4117647 | AB47: 1.9764706 | AC47: 3.3882353 | AD47: 0 | AE47: 0 | AF47: 0 | AG47: 3.2941176 | AH47: 4.6117647 | AI47: 7.9058824 | AJ47: 0 | AK47: 9.4117647 | AL47: 9.4117647 | AM47: 3.2941176 | AN47: 14.023529 | AO47: 17.317647 | AP47: 20.705882 | AQ47: 0 | AR47: 648.09412 | AS47: 1371.6706 | AT47: 2019.7647 | AU47: 0 | AV47: 94.117647 | AW47: 0 | AX47: 65.882353 | AY47: 160 | AZ47: 0 | BA47: 0 | BB47: 0 | BC47: 0 | BD47: 0 | BE47: 0 | BF47: 457.41176 | BG47: 457.41176 | BH47: 2637.1765 | BI47: 35829 | FE47: 40219 | FF47: 545.88235 | FG47: 481.88235 | FH47: 1027.7647 | FI47: 0 | FJ47: #REF! | FK47: #REF! | FL47: 0 | FM47: 94.117647 | FN47: #REF! | FO47: 65.882353 | FP47: #REF! | FR47: #REF!
A48: 0 | B48: 40220 | C48: 40220 | D48: 39492 | E48: 40220 | F48: 6 | H48: B | K48: 743.52941 | L48: 96 | M48: 839.52941 | N48: 454.58824 | O48: 34.823529 | P48: 489.41176 | Q48: 4.7058824 | R48: 0 | S48: 4.7058824 | T48: 42.352941 | U48: 560 | V48: 602.35294 | W48: 501.64706 | X48: 594.82353 | Y48: 1096.4706 | Z48: 1936 | AA48: 2.8235294 | AB48: 1.4117647 | AC48: 4.2352941 | AD48: 0 | AE48: 0 | AF48: 0 | AG48: 6.5882353 | AH48: 3.2941176 | AI48: 9.8823529 | AJ48: 0 | AK48: 7.5294118 | AL48: 7.5294118 | AM48: 6.5882353 | AN48: 10.823529 | AO48: 17.411765 | AP48: 21.647059 | AQ48: 0 | AR48: 843.76471 | AS48: 1113.8824 | AT48: 1957.6471 | AU48: 0 | AV48: 94.117647 | AW48: 0 | AX48: 18.823529 | AY48: 112.94118 | AZ48: 0 | BA48: 0 | BB48: 0 | BC48: 0 | BD48: 0 | BE48: 0 | BF48: 327.52941 | BG48: 327.52941 | BH48: 2398.1176 | BI48: 38227.118 | FE48: 40220 | FF48: 743.52941 | FG48: 454.58824 | FH48: 1198.1176 | FI48: 0 | FJ48: #REF! | FK48: #REF! | FL48: 0 | FM48: 94.117647 | FN48: #REF! | FO48: 18.823529 | FP48: #REF! | FR48: #REF!
A49: 0 | B49: 40221 | C49: 40221 | D49: 39493 | E49: 40221 | F49: 6 | H49: B | K49: 687.05882 | L49: 92.235294 | M49: 779.29412 | N49: 786.82353 | O49: 17.882353 | P49: 804.70588 | Q49: 17.882353 | R49: 0 | S49: 17.882353 | T49: 108.23529 | U49: 1086.1176 | V49: 1194.3529 | W49: 912.94118 | X49: 1104 | Y49: 2016.9412 | Z49: 2796.2353 | AA49: 0.84705882 | AB49: 1.9764706 | AC49: 2.8235294 | AD49: 0 | AE49: 0 | AF49: 0 | AG49: 1.9764706 | AH49: 4.6117647 | AI49: 6.5882353 | AJ49: 0 | AK49: 10.352941 | AL49: 10.352941 | AM49: 1.9764706 | AN49: 14.964706 | AO49: 16.941176 | AP49: 19.764706 | AQ49: 0 | AR49: 782.11765 | AS49: 2033.8824 | AT49: 2816 | AU49: 0 | AV49: 94.117647 | AW49: 37.647059 | AX49: 451.76471 | AY49: 583.52941 | AZ49: 0 | BA49: 0 | BB49: 0 | BC49: 0 | BD49: 0 | BE49: 0 | BF49: 634.35294 | BG49: 634.35294 | BH49: 4033.8824 | BI49: 42261 | FE49: 40221 | FF49: 687.05882 | FG49: 786.82353 | FH49: 1473.8824 | FI49: 0 | FJ49: #REF! | FK49: #REF! | FL49: 0 | FM49: 94.117647 | FN49: #REF! | FO49: 451.76471 | FP49: #REF! | FR49: #REF!
A50: 0 | B50: 40222 | C50: 40222 | D50: 39494 | E50: 40222 | F50: 6 | H50: BA | K50: 1458.8235 | L50: 334.11765 | M50: 1792.9412 | N50: 547.76471 | O50: 33.882353 | P50: 581.64706 | Q50: 4.7058824 | R50: 0 | S50: 4.7058824 | T50: 51.764706 | U50: 1185.8824 | V50: 1237.6471 | W50: 604.23529 | X50: 1219.7647 | Y50: 1824 | Z50: 3616.9412 | AA50: 5.3647059 | AB50: 0.56470588 | AC50: 5.9294118 | AD50: 0 | AE50: 0 | AF50: 0 | AG50: 12.517647 | AH50: 1.3176471 | AI50: 13.835294 | AJ50: 1.8823529 | AK50: 13.176471 | AL50: 15.058824 | AM50: 14.4 | AN50: 14.494118 | AO50: 28.894118 | AP50: 34.823529 | AQ50: 0 | AR50: 1798.8706 | AS50: 1852.8941 | AT50: 3651.7647 | AU50: 0 | AV50: 141.17647 | AW50: 0 | AX50: 56.470588 | AY50: 197.64706 | AZ50: 0 | BA50: 0 | BB50: 178.82353 | BC50: 0 | BD50: 178.82353 | BE50: 178.82353 | BF50: 384.94118 | BG50: 563.76471 | BH50: 4413.1765 | BI50: 46674.176 | FE50: 40222 | FF50: 1458.8235 | FG50: 547.76471 | FH50: 2006.5882 | FI50: 0 | FJ50: #REF! | FK50: #REF! | FL50: 0 | FM50: 141.17647 | FN50: #REF! | FO50: 56.470588 | FP50: #REF! | FR50: #REF!
A51: 0 | B51: 40223 | C51: 40223 | D51: 39495 | E51: 40223 | F51: 6 | H51: BA | K51: 1167.0588 | L51: 346.35294 | M51: 1513.4118 | N51: 629.64706 | O51: 65.882353 | P51: 695.52941 | Q51: 16.941176 | R51: 0 | S51: 16.941176 | T51: 102.58824 | U51: 1829.6471 | V51: 1932.2353 | W51: 749.17647 | X51: 1895.5294 | Y51: 2644.7059 | Z51: 4158.1176 | AA51: 1.9764706 | AB51: 0 | AC51: 1.9764706 | AD51: 0 | AE51: 0 | AF51: 0 | AG51: 4.6117647 | AH51: 0 | AI51: 4.6117647 | AJ51: 0 | AK51: 11.294118 | AL51: 11.294118 | AM51: 4.6117647 | AN51: 11.294118 | AO51: 15.905882 | AP51: 17.882353 | AQ51: 0 | AR51: 1515.3882 | AS51: 2660.6118 | AT51: 4176 | AU51: 0 | AV51: 94.117647 | AW51: 0 | AX51: 75.294118 | AY51: 169.41176 | AZ51: 0 | BA51: 0 | BB51: 193.88235 | BC51: 0 | BD51: 193.88235 | BE51: 193.88235 | BF51: 49.882353 | BG51: 243.76471 | BH51: 4589.1765 | BI51: 51263.353 | FE51: 40223 | FF51: 1167.0588 | FG51: 629.64706 | FH51: 1796.7059 | FI51: 0 | FJ51: #REF! | FK51: #REF! | FL51: 0 | FM51: 94.117647 | FN51: #REF! | FO51: 75.294118 | FP51: #REF! | FR51: #REF!
A52: 0 | B52: 40224 | C52: 40224 | D52: 39496 | E52: 40224 | F52: 7 | H52: BA | K52: 672.94118 | L52: 127.05882 | M52: 800 | N52: 813.17647 | O52: 94.117647 | P52: 907.29412 | Q52: 19.764706 | R52: 0 | S52: 19.764706 | T52: 70.588235 | U52: 1874.8235 | V52: 1945.4118 | W52: 903.52941 | X52: 1968.9412 | Y52: 2872.4706 | Z52: 3672.4706 | AA52: 6.2117647 | AB52: 8.4705882 | AC52: 14.682353 | AD52: 0 | AE52: 0 | AF52: 0 | AG52: 14.494118 | AH52: 19.764706 | AI52: 34.258824 | AJ52: 0 | AK52: 72.470588 | AL52: 72.470588 | AM52: 14.494118 | AN52: 92.235294 | AO52: 106.72941 | AP52: 121.41176 | AQ52: 0 | AR52: 814.68235 | AS52: 2979.2 | AT52: 3793.8824 | AU52: 0 | AV52: 94.117647 | AW52: 0 | AX52: 18.823529 | AY52: 112.94118 | AZ52: 0 | BA52: 0 | BB52: 0 | BC52: 0 | BD52: 0 | BE52: 0 | BF52: 14.117647 | BG52: 14.117647 | BH52: 3920.9412 | BI52: 55184.294 | FE52: 40224 | FF52: 672.94118 | FG52: 813.17647 | FH52: 1486.1176 | FI52: 0 | FJ52: #REF! | FK52: #REF! | FL52: 0 | FM52: 94.117647 | FN52: #REF! | FO52: 18.823529 | FP52: #REF! | FR52: #REF!
A53: 0 | B53: 40225 | C53: 40225 | D53: 39497 | E53: 40225 | F53: 7 | H53: BA | K53: 933.64706 | L53: 190.11765 | M53: 1123.7647 | N53: 680.47059 | O53: 92.235294 | P53: 772.70588 | Q53: 30.117647 | R53: 0 | S53: 30.117647 | T53: 116.70588 | U53: 2588.2353 | V53: 2704.9412 | W53: 827.29412 | X53: 2680.4706 | Y53: 3507.7647 | Z53: 4631.5294 | AA53: 11.858824 | AB53: 9.3176471 | AC53: 21.176471 | AD53: 0 | AE53: 0 | AF53: 0 | AG53: 27.670588 | AH53: 21.741176 | AI53: 49.411765 | AJ53: 0 | AK53: 51.764706 | AL53: 51.764706 | AM53: 27.670588 | AN53: 73.505882 | AO53: 101.17647 | AP53: 122.35294 | AQ53: 0 | AR53: 1144.9412 | AS53: 3608.9412 | AT53: 4753.8824 | AU53: 0 | AV53: 94.117647 | AW53: 0 | AX53: 470.58824 | AY53: 564.70588 | AZ53: 0 | BA53: 0 | BB53: 0 | BC53: 0 | BD53: 0 | BE53: 0 | BF53: 197.64706 | BG53: 197.64706 | BH53: 5516.2353 | BI53: 60700.529 | FE53: 40225 | FF53: 933.64706 | FG53: 680.47059 | FH53: 1614.1176 | FI53: 0 | FJ53: #REF! | FK53: #REF! | FL53: 0 | FM53: 94.117647 | FN53: #REF! | FO53: 470.58824 | FP53: #REF! | FR53: #REF!
A54: 0 | B54: 40226 | C54: 40226 | D54: 39498 | E54: 40226 | F54: 7 | H54: BA | K54: 892.23529 | L54: 199.52941 | M54: 1091.7647 | N54: 759.52941 | O54: 66.823529 | P54: 826.35294 | Q54: 9.4117647 | R54: 0 | S54: 9.4117647 | T54: 135.52941 | U54: 2127.0588 | V54: 2262.5882 | W54: 904.47059 | X54: 2193.8824 | Y54: 3098.3529 | Z54: 4190.1176 | AA54: 12.705882 | AB54: 5.6470588 | AC54: 18.352941 | AD54: 0 | AE54: 0 | AF54: 0 | AG54: 29.647059 | AH54: 13.176471 | AI54: 42.823529 | AJ54: 0 | AK54: 31.058824 | AL54: 31.058824 | AM54: 29.647059 | AN54: 44.235294 | AO54: 73.882353 | AP54: 92.235294 | AQ54: 0 | AR54: 1110.1176 | AS54: 3172.2353 | AT54: 4282.3529 | AU54: 0 | AV54: 94.117647 | AW54: 0 | AX54: 112.94118 | AY54: 207.05882 | AZ54: 0 | BA54: 0 | BB54: 65.882353 | BC54: 0 | BD54: 65.882353 | BE54: 65.882353 | BF54: 120.47059 | BG54: 186.35294 | BH54: 4675.7647 | BI54: 65376.294 | FE54: 40226 | FF54: 892.23529 | FG54: 759.52941 | FH54: 1651.7647 | FI54: 0 | FJ54: #REF! | FK54: #REF! | FL54: 0 | FM54: 94.117647 | FN54: #REF! | FO54: 112.94118 | FP54: #REF! | FR54: #REF!
... A65: 0 | B65: 40237 | C65: 40237 | D65: 39509 | E65: 40237 | F65: 8 | H65: AC | K65: 701.17647 | L65: 183.52941 | M65: 884.70588 | N65: 600.47059 | O65: 82.823529 | P65: 683.29412 | Q65: 24.470588 | R65: 0 | S65: 24.470588 | T65: 114.82353 | U65: 1621.6471 | V65: 1736.4706 | W65: 739.76471 | X65: 1704.4706 | Y65: 2444.2353 | Z65: 3328.9412 | AA65: 2.2588235 | AB65: 1.6941176 | AC65: 3.9529412 | AD65: 0 | AE65: 0 | AF65: 0 | AG65: 5.2705882 | AH65: 3.9529412 | AI65: 9.2235294 | AJ65: 6.5882353 | AK65: 32.941176 | AL65: 39.529412 | AM65: 11.858824 | AN65: 36.894118 | AO65: 48.752941 | AP65: 52.705882 | AQ65: 0 | AR65: 888.65882 | AS65: 2492.9882 | AT65: 3381.6471 | AU65: 0 | AV65: 70.588235 | AW65: 0 | AX65: 47.058824 | AY65: 117.64706 | AZ65: 0 | BA65: 98.823529 | BB65: 291.76471 | BC65: 98.823529 | BD65: 291.76471 | BE65: 390.58824 | BF65: 23.529412 | BG65: 414.11765 | BH65: 3913.4118 | BI65: 115975.82 | FE65: 40237 | FF65: 701.17647 | FG65: 600.47059 | FH65: 1301.6471 | FI65: 98.823529 | FJ65: #REF! | FK65: #REF! | FL65: 0 | FM65: 70.588235 | FN65: #REF! | FO65: 47.058824 | FP65: #REF! | FR65: #REF!
AT66: 0 | AY66: 0
A67: 0 | B67: 40238 | C67: 40238 | D67: 39510 | E67: 40238 | F67: 9 | H67: C | K67: 459.29412 | L67: 164.70588 | M67: 624 | N67: 720 | O67: 37.647059 | P67: 757.64706 | Q67: 15.058824 | R67: 0 | S67: 15.058824 | T67: 160 | U67: 931.76471 | V67: 1091.7647 | W67: 895.05882 | X67: 969.41176 | Y67: 1864.4706 | Z67: 2488.4706 | AA67: 0 | AB67: 1.4117647 | AC67: 1.4117647 | AD67: 0 | AE67: 0 | AF67: 0 | AG67: 0 | AH67: 3.2941176 | AI67: 3.2941176 | AJ67: 0 | AK67: 1.8823529 | AL67: 1.8823529 | AM67: 0 | AN67: 5.1764706 | AO67: 5.1764706 | AP67: 6.5882353 | AQ67: 0 | AR67: 625.41176 | AS67: 1869.6471 | AT67: 2495.0588 | AU67: 0 | AV67: 37.647059 | AW67: 0 | AX67: 37.647059 | AY67: 75.294118 | AZ67: 0 | BA67: 0 | BB67: 0 | BC67: 0 | BD67: 0 | BE67: 0 | BF67: 0 | BG67: 0 | BH67: 2570.3529 | BI67: 118546.18 | FE67: 40238 | FF67: 459.29412 | FG67: 720 | FH67: 1179.2941 | FI67: 0 | FJ67: #REF! | FK67: #REF! | FL67: 0 | FM67: 37.647059 | FN67: #REF! | FO67: 37.647059 | FP67: #REF! | FR67: #REF!
A68: 0 | B68: 40239 | C68: 40239 | D68: 39511 | E68: 40239 | F68: 9 | H68: C | K68: 508.23529 | L68: 216.47059 | M68: 724.70588 | N68: 529.88235 | O68: 60.235294 | P68: 590.11765 | Q68: 3.7647059 | R68: 0 | S68: 3.7647059 | T68: 188.23529 | U68: 1115.2941 | V68: 1303.5294 | W68: 721.88235 | X68: 1175.5294 | Y68: 1897.4118 | Z68: 2622.1176 | AA68: 0 | AB68: 1.4117647 | AC68: 1.4117647 | AD68: 0 | AE68: 0 | AF68: 0 | AG68: 0 | AH68: 3.2941176 | AI68: 3.2941176 | AJ68: 0 | AK68: 3.7647059 | AL68: 3.7647059 | AM68: 0 | AN68: 7.0588235 | AO68: 7.0588235 | AP68: 8.4705882 | AQ68: 0 | AR68: 726.11765 | AS68: 1904.4706 | AT68: 2630.5882 | AU68: 0 | AV68: 37.647059 | AW68: 0 | AX68: 564.70588 | AY68: 602.35294 | AZ68: 0 | BA68: 0 | BB68: 0 | BC68: 0 | BD68: 0 | BE68: 0 | BF68: 305.88235 | BG68: 305.88235 | BH68: 3538.8235 | BI68: 122085 | FE68: 40239 | FF68: 508.23529 | FG68: 529.88235 | FH68: 1038.1176 | FI68: 0 | FJ68: #REF! | FK68: #REF! | FL68: 0 | FM68: 37.647059 | FN68: #REF! | FO68: 564.70588 | FP68: #REF! | FR68: #REF!
A69: 0 | B69: 40240 | C69: 40240 | D69: 39512 | E69: 40240 | F69: 9 | H69: C | K69: 442.35294 | L69: 235.29412 | M69: 677.64706 | N69: 310.58824 | O69: 55.529412 | P69: 366.11765 | Q69: 1.8823529 | R69: 0 | S69: 1.8823529 | T69: 94.117647 | U69: 800 | V69: 894.11765 | W69: 406.58824 | X69: 855.52941 | Y69: 1262.1176 | Z69: 1939.7647 | AA69: 0 | AB69: 0 | AC69: 0 | AD69: 0 | AE69: 0 | AF69: 0 | AG69: 0 | AH69: 0 | AI69: 0 | AJ69: 0 | AK69: 7.5294118 | AL69: 7.5294118 | AM69: 0 | AN69: 7.5294118 | AO69: 7.5294118 | AP69: 7.5294118 | AQ69: 0 | AR69: 677.64706 | AS69: 1269.6471 | AT69: 1947.2941 | AU69: 0 | AV69: 37.647059 | AW69: 0 | AX69: 18.823529 | AY69: 56.470588 | AZ69: 0 | BA69: 0 | BB69: 0 | BC69: 0 | BD69: 0 | BE69: 0 | BF69: 324.70588 | BG69: 324.70588 | BH69: 2328.4706 | BI69: 124413.47 | FE69: 40240 | FF69: 442.35294 | FG69: 310.58824 | FH69: 752.94118 | FI69: 0 | FJ69: #REF! | FK69: #REF! | FL69: 0 | FM69: 37.647059 | FN69: #REF! | FO69: 18.823529 | FP69: #REF! | FR69: #REF!
A70: 0 | B70: 40241 | C70: 40241 | D70: 39513 | E70: 40241 | F70: 9 | H70: C | K70: 536.47059 | L70: 216.47059 | M70: 752.94118 | N70: 526.11765 | O70: 88.470588 | P70: 614.58824 | Q70: 28.235294 | R70: 0 | S70: 28.235294 | T70: 150.58824 | U70: 1317.6471 | V70: 1468.2353 | W70: 704.94118 | X70: 1406.1176 | Y70: 2111.0588 | Z70: 2864 | AA70: 0.56470588 | AB70: 0 | AC70: 0.56470588 | AD70: 0 | AE70: 0 | AF70: 0 | AG70: 1.3176471 | AH70: 0 | AI70: 1.3176471 | AJ70: 3.7647059 | AK70: 7.5294118 | AL70: 11.294118 | AM70: 5.0823529 | AN70: 7.5294118 | AO70: 12.611765 | AP70: 13.176471 | AQ70: 0 | AR70: 753.50588 | AS70: 2123.6706 | AT70: 2877.1765 | AU70: 0 | AV70: 65.882353 | AW70: 0 | AX70: 56.470588 | AY70: 122.35294 | AZ70: 0 | BA70: 0 | BB70: 0 | BC70: 0 | BD70: 55.529412 | BE70: 55.529412 | BF70: 353.88235 | BG70: 409.41176 | BH70: 3408.9412 | BI70: 127822.41 | FE70: 40241 | FF70: 536.47059 | FG70: 526.11765 | FH70: 1062.5882 | FI70: 0 | FJ70: #REF! | FK70: #REF! | FL70: 0 | FM70: 65.882353 | FN70: #REF! | FO70: 56.470588 | FP70: #REF! | FR70: #REF!
A71: 0 | B71: 40242 | C71: 40242 | D71: 39514 | E71: 40242 | F71: 9 | H71: C | K71: 498.82353 | L71: 211.76471 | M71: 710.58824 | N71: 410.35294 | O71: 69.647059 | P71: 480 | Q71: 13.176471 | R71: 0 | S71: 13.176471 | T71: 94.117647 | U71: 1025.8824 | V71: 1120 | W71: 517.64706 | X71: 1095.5294 | Y71: 1613.1765 | Z71: 2323.7647 | AA71: 2.5411765 | AB71: 0 | AC71: 2.5411765 | AD71: 0 | AE71: 0 | AF71: 0 | AG71: 5.9294118 | AH71: 0 | AI71: 5.9294118 | AJ71: 0 | AK71: 8.4705882 | AL71: 8.4705882 | AM71: 5.9294118 | AN71: 8.4705882 | AO71: 14.4 | AP71: 16.941176 | AQ71: 0 | AR71: 713.12941 | AS71: 1627.5765 | AT71: 2340.7059 | AU71: 0 | AV71: 23.529412 | AW71: 16 | AX71: 470.58824 | AY71: 510.11765 | AZ71: 0 | BA71: 0 | BB71: 0 | BC71: 0 | BD71: 47.058824 | BE71: 47.058824 | BF71: 776.47059 | BG71: 823.52941 | BH71: 3674.3529 | BI71: 131496.76 | FE71: 40242 | FF71: 498.82353 | FG71: 410.35294 | FH71: 909.17647 | FI71: 0 | FJ71: #REF! | FK71: #REF! | FL71: 0 | FM71: 23.529412 | FN71: #REF! | FO71: 470.58824 | FP71: #REF! | FR71: #REF!
A72: 0 | B72: 40243 | C72: 40243 | D72: 39515 | E72: 40243 | F72: 9 | H72: C | K72: 807.52941 | L72: 470.58824 | M72: 1278.1176 | N72: 566.58824 | O72: 39.529412 | P72: 606.11765 | Q72: 21.647059 | R72: 0 | S72: 21.647059 | T72: 188.23529 | U72: 1317.6471 | V72: 1505.8824 | W72: 776.47059 | X72: 1357.1765 | Y72: 2133.6471 | Z72: 3411.7647 | AA72: 4.2352941 | AB72: 2.2588235 | AC72: 6.4941176 | AD72: 0 | AE72: 0 | AF72: 0 | AG72: 9.8823529 | AH72: 5.2705882 | AI72: 15.152941 | AJ72: 0 | AK72: 7.5294118 | AL72: 7.5294118 | AM72: 9.8823529 | AN72: 12.8 | AO72: 22.682353 | AP72: 29.176471 | AQ72: 0 | AR72: 1284.6118 | AS72: 2156.3294 | AT72: 3440.9412 | AU72: 0 | AV72: 65.882353 | AW72: 0 | AX72: 70.588235 | AY72: 136.47059 | AZ72: 0 | BA72: 235.29412 | BB72: 141.17647 | BC72: 235.29412 | BD72: 141.17647 | BE72: 376.47059 | BF72: 367.05882 | BG72: 743.52941 | BH72: 4320.9412 | BI72: 135817.71 | FE72: 40243 | FF72: 807.52941 | FG72: 566.58824 | FH72: 1374.1176 | FI72: 235.29412 | FJ72: #REF! | FK72: #REF! | FL72: 0 | FM72: 65.882353 | FN72: #REF! | FO72: 70.588235 | FP72: #REF! | FR72: #REF!
A73: 0 | B73: 40244 | C73: 40244 | D73: 39516 | E73: 40244 | F73: 9 | H73: C | K73: 470.58824 | L73: 141.17647 | M73: 611.76471 | N73: 424.47059 | O73: 40.470588 | P73: 464.94118 | Q73: 18.823529 | R73: 0 | S73: 18.823529 | T73: 94.117647 | U73: 1223.5294 | V73: 1317.6471 | W73: 537.41176 | X73: 1264 | Y73: 1801.4118 | Z73: 2413.1765 | AA73: 1.1294118 | AB73: 2.2588235 | AC73: 3.3882353 | AD73: 0 | AE73: 0 | AF73: 0 | AG73: 2.6352941 | AH73: 5.2705882 | AI73: 7.9058824 | AJ73: 0 | AK73: 2.8235294 | AL73: 2.8235294 | AM73: 2.6352941 | AN73: 8.0941176 | AO73: 10.729412 | AP73: 14.117647 | AQ73: 0 | AR73: 615.15294 | AS73: 1812.1412 | AT73: 2427.2941 | AU73: 0 | AV73: 84.705882 | AW73: 0 | AX73: 47.058824 | AY73: 131.76471 | AZ73: 0 | BA73: 117.64706 | BB73: 94.117647 | BC73: 117.64706 | BD73: 94.117647 | BE73: 211.76471 | BF73: 248.47059 | BG73: 460.23529 | BH73: 3019.2941 | BI73: 138837 | FE73: 40244 | FF73: 470.58824 | FG73: 424.47059 | FH73: 895.05882 | FI73: 117.64706 | FJ73: #REF! | FK73: #REF! | FL73: 0 | FM73: 84.705882 | FN73: #REF! | FO73: 47.058824 | FP73: #REF! | FR73: #REF!
A74: 0 | B74: 40245 | C74: 40245 | D74: 39517 | E74: 40245 | F74: 10 | K74: 103.52941 | L74: 26.352941 | M74: 129.88235 | N74: 102.58824 | O74: 7.5294118 | P74: 110.11765 | Q74: 3.7647059 | R74: 0 | S74: 3.7647059 | T74: 94.117647 | U74: 283.29412 | V74: 377.41176 | W74: 200.47059 | X74: 290.82353 | Y74: 491.29412 | Z74: 621.17647 | AA74: 1.1294118 | AB74: 0 | AC74: 1.1294118 | AD74: 0 | AE74: 0 | AF74: 0 | AG74: 2.6352941 | AH74: 0 | AI74: 2.6352941 | AJ74: 0 | AK74: 1.8823529 | AL74: 1.8823529 | AM74: 2.6352941 | AN74: 1.8823529 | AO74: 4.5176471 | AP74: 5.6470588 | AQ74: 0 | AR74: 131.01176 | AS74: 495.81176 | AT74: 626.82353 | AU74: 0 | AV74: 18.823529 | AW74: 0 | AX74: 47.058824 | AY74: 65.882353 | AZ74: 0 | BA74: 23.529412 | BB74: 42.352941 | BC74: 23.529412 | BD74: 42.352941 | BE74: 65.882353 | BF74: 122.35294 | BG74: 188.23529 | BH74: 880.94118 | BI74: 139717.94 | FE74: 40245 | FF74: 103.52941 | FG74: 102.58824 | FH74: 206.11765 | FI74: 23.529412 | FJ74: #REF! | FK74: #REF! | FL74: 0 | FM74: 18.823529 | FN74: #REF! | FO74: 47.058824 | FP74: #REF! | FR74: #REF!
A75: 0 | B75: 40246 | C75: 40246 | D75: 39518 | E75: 40246 | F75: 10 | K75: 140.23529 | L75: 18.823529 | M75: 159.05882 | N75: 74.352941 | O75: 9.4117647 | P75: 83.764706 | Q75: 0 | R75: 0 | S75: 0 | T75: 89.411765 | U75: 238.11765 | V75: 327.52941 | W75: 163.76471 | X75: 247.52941 | Y75: 411.29412 | Z75: 570.35294 | AA75: 0 | AB75: 0 | AC75: 0 | AD75: 0 | AE75: 0 | AF75: 0 | AG75: 0 | AH75: 0 | AI75: 0 | AJ75: 3.7647059 | AK75: 1.8823529 | AL75: 5.6470588 | AM75: 3.7647059 | AN75: 1.8823529 | AO75: 5.6470588 | AP75: 5.6470588 | AQ75: 0 | AR75: 159.05882 | AS75: 416.94118 | AT75: 576 | AU75: 0 | AV75: 18.823529 | AW75: 263.52941 | AX75: 42.352941 | AY75: 324.70588 | AZ75: 0 | BA75: 0 | BB75: 42.352941 | BC75: 0 | BD75: 42.352941 | BE75: 42.352941 | BF75: 136.47059 | BG75: 178.82353 | BH75: 1079.5294 | BI75: 140797.47 | FE75: 40246 | FF75: 140.23529 | FG75: 74.352941 | FH75: 214.58824 | FI75: 0 | FJ75: #REF! | FK75: #REF! | FL75: 0 | FM75: 18.823529 | FN75: #REF! | FO75: 42.352941 | FP75: #REF! | FR75: #REF!
A76: 0 | B76: 40247 | C76: 40247 | D76: 39519 | E76: 40247 | F76: 10 | K76: 160 | L76: 13.176471 | M76: 173.17647 | N76: 94.117647 | O76: 5.6470588 | P76: 99.764706 | Q76: 1.8823529 | R76: 0 | S76: 1.8823529 | T76: 80 | U76: 235.29412 | V76: 315.29412 | W76: 176 | X76: 240.94118 | Y76: 416.94118 | Z76: 590.11765 | AA76: 0.56470588 | AB76: 0 | AC76: 0.56470588 | AD76: 0 | AE76: 0 | AF76: 0 | AG76: 1.3176471 | AH76: 0 | AI76: 1.3176471 | AJ76: 0 | AK76: 7.5294118 | AL76: 7.5294118 | AM76: 1.3176471 | AN76: 7.5294118 | AO76: 8.8470588 | AP76: 9.4117647 | AQ76: 0 | AR76: 173.74118 | AS76: 425.78824 | AT76: 599.52941 | AU76: 0 | AV76: 18.823529 | AW76: 188.23529 | AX76: 4.7058824 | AY76: 211.76471 | AZ76: 0 | BA76: 0 | BB76: 0 | BC76: 0 | BD76: 0 | BE76: 0 | BF76: 592.94118 | BG76: 592.94118 | BH76: 1404.2353 | BI76: 142201.71 | FE76: 40247 | FF76: 160 | FG76: 94.117647 | FH76: 254.11765 | FI76: 0 | FJ76: #REF! | FK76: #REF! | FL76: 0 | FM76: 18.823529 | FN76: #REF! | FO76: 4.7058824 | FP76: #REF! | FR76: #REF!
A77: 0 | B77: 40248 | C77: 40248 | D77: 39520 | E77: 40248 | F77: 10 | K77: 136.47059 | L77: 14.117647 | M77: 150.58824 | N77: 117.64706 | O77: 5.6470588 | P77: 123.29412 | Q77: 3.7647059 | R77: 0 | S77: 3.7647059 | T77: 14.117647 | U77: 263.52941 | V77: 277.64706 | W77: 135.52941 | X77: 269.17647 | Y77: 404.70588 | Z77: 555.29412 | AA77: 1.1294118 | AB77: 0 | AC77: 1.1294118 | AD77: 0 | AE77: 0 | AF77: 0 | AG77: 2.6352941 | AH77: 0 | AI77: 2.6352941 | AJ77: 0 | AK77: 11.294118 | AL77: 11.294118 | AM77: 2.6352941 | AN77: 11.294118 | AO77: 13.929412 | AP77: 15.058824 | AQ77: 0 | AR77: 151.71765 | AS77: 418.63529 | AT77: 570.35294 | AU77: 0 | AV77: 18.823529 | AW77: 0 | AX77: 56.470588 | AY77: 75.294118 | AZ77: 0 | BA77: 18.823529 | BB77: 0 | BC77: 37.647059 | BD77: 0 | BE77: 37.647059 | BF77: 395.29412 | BG77: 432.94118 | BH77: 1078.5882 | BI77: 143280.29 | FE77: 40248 | FF77: 136.47059 | FG77: 117.64706 | FH77: 254.11765 | FI77: 18.823529 | FJ77: #REF! | FK77: #REF! | FL77: 0 | FM77: 18.823529 | FN77: #REF! | FO77: 56.470588 | FP77: #REF! | FR77: #REF!
A78: 0 | B78: 40249 | C78: 40249 | D78: 39521 | E78: 40249 | F78: 10 | K78: 131.76471 | L78: 23.529412 | M78: 155.29412 | N78: 99.764706 | O78: 7.5294118 | P78: 107.29412 | Q78: 0 | R78: 0 | S78: 0 | T78: 14.117647 | U78: 235.29412 | V78: 249.41176 | W78: 113.88235 | X78: 242.82353 | Y78: 356.70588 | Z78: 512 | AA78: 1.1294118 | AB78: 0 | AC78: 1.1294118 | AD78: 0 | AE78: 0 | AF78: 0 | AG78: 2.6352941 | AH78: 0 | AI78: 2.6352941 | AJ78: 0 | AK78: 11.294118 | AL78: 11.294118 | AM78: 2.6352941 | AN78: 11.294118 | AO78: 13.929412 | AP78: 15.058824 | AQ78: 0 | AR78: 156.42353 | AS78: 370.63529 | AT78: 527.05882 | AU78: 0 | AV78: 18.823529 | AW78: 0 | AX78: 37.647059 | AY78: 56.470588 | AZ78: 0 | BA78: 0 | BB78: 0 | BC78: 0 | BD78: 0 | BE78: 0 | BF78: 1077.6471 | BG78: 1077.6471 | BH78: 1661.1765 | BI78: 144941.47 | FE78: 40249 | FF78: 131.76471 | FG78: 99.764706 | FH78: 231.52941 | FI78: 0 | FJ78: #REF! | FK78: #REF! | FL78: 0 | FM78: 18.823529 | FN78: #REF! | FO78: 37.647059 | FP78: #REF! | FR78: #REF!
A79: 0 | B79: 40250 | C79: 40250 | D79: 39522 | E79: 40250 | F79: 10 | K79: 1411.7647 | L79: 517.64706 | M79: 1929.4118 | N79: 950.58824 | O79: 19.764706 | P79: 970.35294 | Q79: 5.6470588 | R79: 0 | S79: 5.6470588 | T79: 188.23529 | U79: 1223.5294 | V79: 1411.7647 | W79: 1144.4706 | X79: 1243.2941 | Y79: 2387.7647 | Z79: 4317.1765 | AA79: 5.3647059 | AB79: 4.2352941 | AC79: 9.6 | AD79: 0 | AE79: 0 | AF79: 0 | AG79: 12.517647 | AH79: 9.8823529 | AI79: 22.4 | AJ79: 0 | AK79: 24.470588 | AL79: 24.470588 | AM79: 12.517647 | AN79: 34.352941 | AO79: 46.870588 | AP79: 56.470588 | AQ79: 0 | AR79: 1939.0118 | AS79: 2434.6353 | AT79: 4373.6471 | AU79: 0 | AV79: 37.647059 | AW79: 0 | AX79: 329.41176 | AY79: 367.05882 | AZ79: 0 | BA79: 160 | BB79: 1016.4706 | BC79: 160 | BD79: 1016.4706 | BE79: 1176.4706 | BF79: 965.64706 | BG79: 2142.1176 | BH79: 6882.8235 | BI79: 151824.29 | FE79: 40250 | FF79: 1411.7647 | FG79: 950.58824 | FH79: 2362.3529 | FI79: 160 | FJ79: #REF! | FK79: #REF! | FL79: 0 | FM79: 37.647059 | FN79: #REF! | FO79: 329.41176 | FP79: #REF! | FR79: #REF!
A80: 0 | B80: 40251 | C80: 40251 | D80: 39523 | E80: 40251 | F80: 10 | K80: 1035.2941 | L80: 94.117647 | M80: 1129.4118 | N80: 510.11765 | O80: 17.882353 | P80: 528 | Q80: 1.8823529 | R80: 0 | S80: 1.8823529 | T80: 94.117647 | U80: 1223.5294 | V80: 1317.6471 | W80: 606.11765 | X80: 1241.4118 | Y80: 1847.5294 | Z80: 2976.9412 | AA80: 1.9764706 | AB80: 4.2352941 | AC80: 6.2117647 | AD80: 0 | AE80: 0 | AF80: 0 | AG80: 4.6117647 | AH80: 9.8823529 | AI80: 14.494118 | AJ80: 0 | AK80: 18.823529 | AL80: 18.823529 | AM80: 4.6117647 | AN80: 28.705882 | AO80: 33.317647 | AP80: 39.529412 | AQ80: 0 | AR80: 1135.6235 | AS80: 1880.8471 | AT80: 3016.4706 | AU80: 0 | AV80: 47.058824 | AW80: 18.823529 | AX80: 65.882353 | AY80: 131.76471 | AZ80: 0 | BA80: 174.11765 | BB80: 1040 | BC80: 174.11765 | BD80: 1120 | BE80: 1294.1176 | BF80: 1327.0588 | BG80: 2621.1765 | BH80: 5769.4118 | BI80: 157593.71 | FE80: 40251 | FF80: 1035.2941 | FG80: 510.11765 | FH80: 1545.4118 | FI80: 174.11765 | FJ80: #REF! | FK80: #REF! | FL80: 0 | FM80: 47.058824 | FN80: #REF! | FO80: 65.882353 | FP80: #REF! | FR80: #REF!
A81: 0 | B81: 40252 | C81: 40252 | D81: 39524 | E81: 40252 | F81: 11 | K81: 133.64706 | L81: 9.4117647 | M81: 143.05882 | N81: 85.647059 | O81: 8.4705882 | P81: 94.117647 | Q81: 0 | R81: 0 | S81: 0 | T81: 28.235294 | U81: 329.41176 | V81: 357.64706 | W81: 113.88235 | X81: 337.88235 | Y81: 451.76471 | Z81: 594.82353 | AA81: 4.5176471 | AB81: 1.4117647 | AC81: 5.9294118 | AD81: 0 | AE81: 0 | AF81: 0 | AG81: 10.541176 | AH81: 3.2941176 | AI81: 13.835294 | AJ81: 2.8235294 | AK81: 1.8823529 | AL81: 4.7058824 | AM81: 13.364706 | AN81: 5.1764706 | AO81: 18.541176 | AP81: 24.470588 | AQ81: 0 | AR81: 148.98824 | AS81: 470.30588 | AT81: 619.29412 | AU81: 0 | AV81: 14.117647 | AW81: 258.82353 | AX81: 9.4117647 | AY81: 282.35294 | AZ81: 0 | BA81: 0 | BB81: 0 | BC81: 0 | BD81: 84.705882 | BE81: 84.705882 | BF81: 169.41176 | BG81: 254.11765 | BH81: 1155.7647 | BI81: 158749.47 | FE81: 40252 | FF81: 133.64706 | FG81: 85.647059 | FH81: 219.29412 | FI81: 0 | FJ81: #REF! | FK81: #REF! | FL81: 0 | FM81: 14.117647 | FN81: #REF! | FO81: 9.4117647 | FP81: #REF! | FR81: #REF!
A82: 0 | B82: 40253 | C82: 40253 | D82: 39525 | E82: 40253 | F82: 11 | K82: 95.058824 | L82: 14.117647 | M82: 109.17647 | N82: 132.70588 | O82: 5.6470588 | P82: 138.35294 | Q82: 0 | R82: 0 | S82: 0 | T82: 28.235294 | U82: 272.94118 | V82: 301.17647 | W82: 160.94118 | X82: 278.58824 | Y82: 439.52941 | Z82: 548.70588 | AA82: 3.6705882 | AB82: 1.4117647 | AC82: 5.0823529 | AD82: 0 | AE82: 0 | AF82: 0 | AG82: 8.5647059 | AH82: 3.2941176 | AI82: 11.858824 | AJ82: 0 | AK82: 5.6470588 | AL82: 5.6470588 | AM82: 8.5647059 | AN82: 8.9411765 | AO82: 17.505882 | AP82: 22.588235 | AQ82: 0 | AR82: 114.25882 | AS82: 457.03529 | AT82: 571.29412 | AU82: 0 | AV82: 14.117647 | AW82: 0 | AX82: 47.058824 | AY82: 61.176471 | AZ82: 0 | BA82: 0 | BB82: 0 | BC82: 0 | BD82: 0 | BE82: 0 | BF82: 560.94118 | BG82: 560.94118 | BH82: 1193.4118 | BI82: 159942.88 | FE82: 40253 | FF82: 95.058824 | FG82: 132.70588 | FH82: 227.76471 | FI82: 0 | FJ82: #REF! | FK82: #REF! | FL82: 0 | FM82: 14.117647 | FN82: #REF! | FO82: 47.058824 | FP82: #REF! | FR82: #REF!
A83: 0 | B83: 40254 | C83: 40254 | D83: 39526 | E83: 40254 | F83: 11 | K83: 124.23529 | L83: 13.176471 | M83: 137.41176 | N83: 133.64706 | O83: 7.5294118 | P83: 141.17647 | Q83: 6.5882353 | R83: 0 | S83: 6.5882353 | T83: 32.941176 | U83: 225.88235 | V83: 258.82353 | W83: 173.17647 | X83: 233.41176 | Y83: 406.58824 | Z83: 544 | AA83: 0.56470588 | AB83: 0 | AC83: 0.56470588 | AD83: 0 | AE83: 0 | AF83: 0 | AG83: 1.3176471 | AH83: 0 | AI83: 1.3176471 | AJ83: 3.7647059 | AK83: 5.6470588 | AL83: 9.4117647 | AM83: 5.0823529 | AN83: 5.6470588 | AO83: 10.729412 | AP83: 11.294118 | AQ83: 0 | AR83: 137.97647 | AS83: 417.31765 | AT83: 555.29412 | AU83: 0 | AV83: 14.117647 | AW83: 0 | AX83: 141.17647 | AY83: 155.29412 | AZ83: 0 | BA83: 0 | BB83: 0 | BC83: 150.58824 | BD83: 0 | BE83: 150.58824 | BF83: 678.58824 | BG83: 829.17647 | BH83: 1539.7647 | BI83: 161482.65 | FE83: 40254 | FF83: 124.23529 | FG83: 133.64706 | FH83: 257.88235 | FI83: 0 | FJ83: #REF! | FK83: #REF! | FL83: 0 | FM83: 14.117647 | FN83: #REF! | FO83: 141.17647 | FP83: #REF! | FR83: #REF!
A84: 0 | B84: 40255 | C84: 40255 | D84: 39527 | E84: 40255 | F84: 11 | K84: 172.23529 | L84: 15.058824 | M84: 187.29412 | N84: 144 | O84: 10.352941 | P84: 154.35294 | Q84: 18.823529 | R84: 0 | S84: 18.823529 | T84: 23.529412 | U84: 235.29412 | V84: 258.82353 | W84: 186.35294 | X84: 245.64706 | Y84: 432 | Z84: 619.29412 | AA84: 4.2352941 | AB84: 3.1058824 | AC84: 7.3411765 | AD84: 0 | AE84: 0 | AF84: 0 | AG84: 9.8823529 | AH84: 7.2470588 | AI84: 17.129412 | AJ84: 4.7058824 | AK84: 28.235294 | AL84: 32.941176 | AM84: 14.588235 | AN84: 35.482353 | AO84: 50.070588 | AP84: 57.411765 | AQ84: 0 | AR84: 194.63529 | AS84: 482.07059 | AT84: 676.70588 | AU84: 0 | AV84: 14.117647 | AW84: 0 | AX84: 37.647059 | AY84: 51.764706 | AZ84: 0 | BA84: 0 | BB84: 0 | BC84: 0 | BD84: 0 | BE84: 0 | BF84: 457.41176 | BG84: 457.41176 | BH84: 1185.8824 | BI84: 162668.53 | FE84: 40255 | FF84: 172.23529 | FG84: 144 | FH84: 316.23529 | FI84: 0 | FJ84: #REF! | FK84: #REF! | FL84: 0 | FM84: 14.117647 | FN84: #REF! | FO84: 37.647059 | FP84: #REF! | FR84: #REF!
A85: 0 | B85: 40256 | C85: 40256 | D85: 39528 | E85: 40256 | F85: 11 | K85: 122.35294 | L85: 18.823529 | M85: 141.17647 | N85: 153.41176 | O85: 13.176471 | P85: 166.58824 | Q85: 12.235294 | R85: 0 | S85: 12.235294 | T85: 28.235294 | U85: 254.11765 | V85: 282.35294 | W85: 193.88235 | X85: 267.29412 | Y85: 461.17647 | Z85: 602.35294 | AA85: 9.8823529 | AB85: 6.2117647 | AC85: 16.094118 | AD85: 8.4705882 | AE85: 0 | AF85: 8.4705882 | AG85: 23.058824 | AH85: 14.494118 | AI85: 37.552941 | AJ85: 6.5882353 | AK85: 61.176471 | AL85: 67.764706 | AM85: 38.117647 | AN85: 75.670588 | AO85: 113.78824 | AP85: 129.88235 | AQ85: 0 | AR85: 157.27059 | AS85: 574.96471 | AT85: 732.23529 | AU85: 0 | AV85: 14.117647 | AW85: 0 | AX85: 18.823529 | AY85: 32.941176 | AZ85: 0 | BA85: 0 | BB85: 0 | BC85: 0 | BD85: 0 | BE85: 0 | BF85: 1237.6471 | BG85: 1237.6471 | BH85: 2002.8235 | BI85: 164671.35 | FE85: 40256 | FF85: 122.35294 | FG85: 153.41176 | FH85: 275.76471 | FI85: 0 | FJ85: #REF! | FK85: #REF! | FL85: 0 | FM85: 14.117647 | FN85: #REF! | FO85: 18.823529 | FP85: #REF! | FR85: #REF!
... A97: 0 | B97: 40268 | C97: 40268 | D97: 39540 | E97: 40268 | F97: 13 | K97: 160 | L97: 18.823529 | M97: 178.82353 | N97: 98.823529 | O97: 6.5882353 | P97: 105.41176 | Q97: 1.8823529 | R97: 0 | S97: 1.8823529 | T97: 32.941176 | U97: 186.35294 | V97: 219.29412 | W97: 133.64706 | X97: 192.94118 | Y97: 326.58824 | Z97: 505.41176 | AA97: 4.2352941 | AB97: 1.1294118 | AC97: 5.3647059 | AD97: 0 | AE97: 0 | AF97: 0 | AG97: 9.8823529 | AH97: 2.6352941 | AI97: 12.517647 | AJ97: 7.5294118 | AK97: 0 | AL97: 7.5294118 | AM97: 17.411765 | AN97: 2.6352941 | AO97: 20.047059 | AP97: 25.411765 | AQ97: 0 | AR97: 184.18824 | AS97: 346.63529 | AT97: 530.82353 | AU97: 51.764706 | AV97: 41.411765 | AW97: 282.35294 | AX97: 65.882353 | AY97: 441.41176 | AZ97: 0 | BA97: 21.647059 | BB97: 0 | BC97: 21.647059 | BD97: 0 | BE97: 21.647059 | BF97: 2602.3529 | BG97: 2624 | BH97: 3596.2353 | BI97: 213989.53 | FE97: 40268 | FF97: 160 | FG97: 98.823529 | FH97: 258.82353 | FI97: 21.647059 | FJ97: #REF! | FK97: #REF! | FL97: 51.764706 | FM97: 41.411765 | FN97: #REF! | FO97: 65.882353 | FP97: #REF! | FR97: #REF!
AT98: 0 | AY98: 0
A99: 0 | B99: 40269 | C99: 40269 | D99: 39541 | E99: 40269 | F99: 13 | K99: 260.70588 | L99: 51.764706 | M99: 312.47059 | N99: 179.76471 | O99: 14.117647 | P99: 193.88235 | Q99: 0 | R99: 0 | S99: 0 | T99: 18.823529 | U99: 238.11765 | V99: 256.94118 | W99: 198.58824 | X99: 252.23529 | Y99: 450.82353 | Z99: 763.29412 | AA99: 15.529412 | AB99: 5.1764706 | AC99: 20.705882 | AD99: 0 | AE99: 0 | AF99: 0 | AG99: 12.705882 | AH99: 4.2352941 | AI99: 16.941176 | AJ99: 0 | AK99: 15.058824 | AL99: 15.058824 | AM99: 12.705882 | AN99: 19.294118 | AO99: 32 | AP99: 52.705882 | AQ99: 0 | AR99: 333.17647 | AS99: 482.82353 | AT99: 816 | AU99: 51.764706 | AV99: 37.647059 | AW99: 0 | AX99: 84.705882 | AY99: 174.11765 | AZ99: 0 | BA99: 29.176471 | BB99: 0 | BC99: 45.176471 | BD99: 0 | BE99: 45.176471 | BF99: 1750.5882 | BG99: 1795.7647 | BH99: 2785.8824 | BI99: 216775.41 | FE99: 40269 | FF99: 260.70588 | FG99: 179.76471 | FH99: 440.47059 | FI99: 29.176471 | FJ99: #REF! | FK99: #REF! | FL99: 51.764706 | FM99: 37.647059 | FN99: #REF! | FO99: 84.705882 | FP99: #REF! | FR99: #REF!
A100: 0 | B100: 40270 | C100: 40270 | D100: 39542 | E100: 40270 | F100: 13 | K100: 240 | L100: 42.352941 | M100: 282.35294 | N100: 194.82353 | O100: 21.647059 | P100: 216.47059 | Q100: 11.294118 | R100: 0 | S100: 11.294118 | T100: 12.235294 | U100: 299.29412 | V100: 311.52941 | W100: 218.35294 | X100: 320.94118 | Y100: 539.29412 | Z100: 821.64706 | AA100: 31.058824 | AB100: 5.6941176 | AC100: 36.752941 | AD100: 0 | AE100: 0 | AF100: 0 | AG100: 25.411765 | AH100: 4.6588235 | AI100: 30.070588 | AJ100: 0 | AK100: 26.352941 | AL100: 26.352941 | AM100: 25.411765 | AN100: 31.011765 | AO100: 56.423529 | AP100: 93.176471 | AQ100: 0 | AR100: 319.10588 | AS100: 595.71765 | AT100: 914.82353 | AU100: 51.764706 | AV100: 37.647059 | AW100: 0 | AX100: 888 | AY100: 977.41176 | AZ100: 0 | BA100: 0 | BB100: 0 | BC100: 16.941176 | BD100: 0 | BE100: 16.941176 | BF100: 3512.4706 | BG100: 3529.4118 | BH100: 5421.6471 | BI100: 222197.06 | FE100: 40270 | FF100: 240 | FG100: 194.82353 | FH100: 434.82353 | FI100: 0 | FJ100: #REF! | FK100: #REF! | FL100: 51.764706 | FM100: 37.647059 | FN100: #REF! | FO100: 888 | FP100: #REF! | FR100: #REF!
A101: 0 | B101: 40271 | C101: 40271 | D101: 39543 | E101: 40271 | F101: 13 | H101: B | K101: 1505.8824 | L101: 470.58824 | M101: 1976.4706 | N101: 800 | O101: 508.23529 | P101: 1308.2353 | Q101: 75.294118 | R101: 4.7058824 | S101: 80 | T101: 150.58824 | U101: 1035.2941 | V101: 1185.8824 | W101: 1025.8824 | X101: 1548.2353 | Y101: 2574.1176 | Z101: 4550.5882 | AA101: 144.94118 | AB101: 112.84706 | AC101: 257.78824 | AD101: 4.7058824 | AE101: 0 | AF101: 4.7058824 | AG101: 118.58824 | AH101: 92.329412 | AI101: 210.91765 | AJ101: 23.529412 | AK101: 225.88235 | AL101: 249.41176 | AM101: 146.82353 | AN101: 318.21176 | AO101: 465.03529 | AP101: 722.82353 | AQ101: 0 | AR101: 2234.2588 | AS101: 3039.1529 | AT101: 5273.4118 | AU101: 141.17647 | AV101: 51.764706 | AW101: 141.17647 | AX101: 94.117647 | AY101: 428.23529 | AZ101: 0 | BA101: 188.23529 | BB101: 705.88235 | BC101: 235.29412 | BD101: 894.11765 | BE101: 1129.4118 | BF101: 1910.5882 | BG101: 3040 | BH101: 8741.6471 | BI101: 230938.71 | FE101: 40271 | FF101: 1505.8824 | FG101: 800 | FH101: 2305.8824 | FI101: 188.23529 | FJ101: #REF! | FK101: #REF! | FL101: 141.17647 | FM101: 51.764706 | FN101: #REF! | FO101: 94.117647 | FP101: #REF! | FR101: #REF!
A102: 0 | B102: 40272 | C102: 40272 | D102: 39544 | E102: 40272 | F102: 13 | H102: B | K102: 2541.1765 | L102: 470.58824 | M102: 3011.7647 | N102: 2352.9412 | O102: 527.05882 | P102: 2880 | Q102: 131.76471 | R102: 0 | S102: 131.76471 | T102: 235.29412 | U102: 1129.4118 | V102: 1364.7059 | W102: 2720 | X102: 1656.4706 | Y102: 4376.4706 | Z102: 7388.2353 | AA102: 49.694118 | AB102: 28.470588 | AC102: 78.164706 | AD102: 0 | AE102: 0 | AF102: 0 | AG102: 40.658824 | AH102: 23.294118 | AI102: 63.952941 | AJ102: 7.5294118 | AK102: 15.058824 | AL102: 22.588235 | AM102: 48.188235 | AN102: 38.352941 | AO102: 86.541176 | AP102: 164.70588 | AQ102: 0 | AR102: 3089.9294 | AS102: 4463.0118 | AT102: 7552.9412 | AU102: 272.94118 | AV102: 70.588235 | AW102: 0 | AX102: 235.29412 | AY102: 578.82353 | AZ102: 0 | BA102: 461.17647 | BB102: 1053.1765 | BC102: 508.23529 | BD102: 1192.4706 | BE102: 1700.7059 | BF102: 1658.3529 | BG102: 3359.0588 | BH102: 11490.824 | BI102: 242429.53 | FE102: 40272 | FF102: 2541.1765 | FG102: 2352.9412 | FH102: 4894.1176 | FI102: 461.17647 | FJ102: #REF! | FK102: #REF! | FL102: 272.94118 | FM102: 70.588235 | FN102: #REF! | FO102: 235.29412 | FP102: #REF! | FR102: #REF!
A103: 0 | B103: 40273 | C103: 40273 | D103: 39545 | E103: 40273 | F103: 14 | G103: Pâques | H103: B | K103: 1317.6471 | L103: 254.11765 | M103: 1571.7647 | N103: 470.58824 | O103: 376.47059 | P103: 847.05882 | Q103: 41.411765 | R103: 2.8235294 | S103: 44.235294 | T103: 108.23529 | U103: 1788.2353 | V103: 1896.4706 | W103: 620.23529 | X103: 2167.5294 | Y103: 2787.7647 | Z103: 4359.5294 | AA103: 109.22353 | AB103: 55.905882 | AC103: 165.12941 | AD103: 3.7647059 | AE103: 0 | AF103: 3.7647059 | AG103: 89.364706 | AH103: 45.741176 | AI103: 135.10588 | AJ103: 6.5882353 | AK103: 133.64706 | AL103: 140.23529 | AM103: 99.717647 | AN103: 179.38824 | AO103: 279.10588 | AP103: 444.23529 | AQ103: 0 | AR103: 1736.8941 | AS103: 3066.8706 | AT103: 4803.7647 | AU103: 141.17647 | AV103: 47.058824 | AW103: 0 | AX103: 65.882353 | AY103: 254.11765 | AZ103: 0 | BA103: 469.64706 | BB103: 0 | BC103: 469.64706 | BD103: 0 | BE103: 469.64706 | BF103: 1294.1176 | BG103: 1763.7647 | BH103: 6821.6471 | BI103: 249251.18 | FE103: 40273 | FF103: 1317.6471 | FG103: 470.58824 | FH103: 1788.2353 | FI103: 469.64706 | FJ103: #REF! | FK103: #REF! | FL103: 141.17647 | FM103: 47.058824 | FN103: #REF! | FO103: 65.882353 | FP103: #REF! | FR103: #REF!
A104: 0 | B104: 40274 | C104: 40274 | D104: 39546 | E104: 40274 | F104: 14 | H104: B | K104: 1383.5294 | L104: 329.41176 | M104: 1712.9412 | N104: 701.17647 | O104: 481.88235 | P104: 1183.0588 | Q104: 84.705882 | R104: 2.8235294 | S104: 87.529412 | T104: 76.235294 | U104: 1665.8824 | V104: 1742.1176 | W104: 862.11765 | X104: 2150.5882 | Y104: 3012.7059 | Z104: 4725.6471 | AA104: 93.176471 | AB104: 82.823529 | AC104: 176 | AD104: 16 | AE104: 0 | AF104: 16 | AG104: 76.235294 | AH104: 67.764706 | AI104: 144 | AJ104: 19.764706 | AK104: 169.41176 | AL104: 189.17647 | AM104: 112 | AN104: 237.17647 | AO104: 349.17647 | AP104: 525.17647 | AQ104: 0 | AR104: 1888.9412 | AS104: 3361.8824 | AT104: 5250.8235 | AU104: 141.17647 | AV104: 56.470588 | AW104: 0 | AX104: 94.117647 | AY104: 291.76471 | AZ104: 0 | BA104: 45.176471 | BB104: 0 | BC104: 45.176471 | BD104: 0 | BE104: 45.176471 | BF104: 1111.5294 | BG104: 1156.7059 | BH104: 6699.2941 | BI104: 255950.47 | FE104: 40274 | FF104: 1383.5294 | FG104: 701.17647 | FH104: 2084.7059 | FI104: 45.176471 | FJ104: #REF! | FK104: #REF! | FL104: 141.17647 | FM104: 56.470588 | FN104: #REF! | FO104: 94.117647 | FP104: #REF! | FR104: #REF!
A105: 0 | B105: 40275 | C105: 40275 | D105: 39547 | E105: 40275 | F105: 14 | H105: B | K105: 1355.2941 | L105: 254.11765 | M105: 1609.4118 | N105: 507.29412 | O105: 410.35294 | P105: 917.64706 | Q105: 41.411765 | R105: 2.8235294 | S105: 44.235294 | T105: 108.23529 | U105: 1926.5882 | V105: 2034.8235 | W105: 656.94118 | X105: 2339.7647 | Y105: 2996.7059 | Z105: 4606.1176 | AA105: 109.22353 | AB105: 55.905882 | AC105: 165.12941 | AD105: 3.7647059 | AE105: 0 | AF105: 3.7647059 | AG105: 89.364706 | AH105: 45.741176 | AI105: 135.10588 | AJ105: 6.5882353 | AK105: 133.64706 | AL105: 140.23529 | AM105: 99.717647 | AN105: 179.38824 | AO105: 279.10588 | AP105: 444.23529 | AQ105: 0 | AR105: 1774.5412 | AS105: 3275.8118 | AT105: 5050.3529 | AU105: 103.52941 | AV105: 47.058824 | AW105: 0 | AX105: 65.882353 | AY105: 216.47059 | AZ105: 0 | BA105: 36.705882 | BB105: 0 | BC105: 36.705882 | BD105: 0 | BE105: 36.705882 | BF105: 1294.1176 | BG105: 1330.8235 | BH105: 6597.6471 | BI105: 262548.12 | FE105: 40275 | FF105: 1355.2941 | FG105: 507.29412 | FH105: 1862.5882 | FI105: 36.705882 | FJ105: #REF! | FK105: #REF! | FL105: 103.52941 | FM105: 47.058824 | FN105: #REF! | FO105: 65.882353 | FP105: #REF! | FR105: #REF!
A106: 0 | B106: 40276 | C106: 40276 | D106: 39548 | E106: 40276 | F106: 14 | H106: B | K106: 1317.6471 | L106: 282.35294 | M106: 1600 | N106: 770.82353 | O106: 231.52941 | P106: 1002.3529 | Q106: 45.176471 | R106: 0 | S106: 45.176471 | T106: 158.11765 | U106: 1838.1176 | V106: 1996.2353 | W106: 974.11765 | X106: 2069.6471 | Y106: 3043.7647 | Z106: 4643.7647 | AA106: 171.34118 | AB106: 55.905882 | AC106: 227.24706 | AD106: 0 | AE106: 0 | AF106: 0 | AG106: 140.18824 | AH106: 45.741176 | AI106: 185.92941 | AJ106: 8.4705882 | AK106: 158.11765 | AL106: 166.58824 | AM106: 148.65882 | AN106: 203.85882 | AO106: 352.51765 | AP106: 579.76471 | AQ106: 0 | AR106: 1827.2471 | AS106: 3396.2824 | AT106: 5223.5294 | AU106: 112.94118 | AV106: 47.058824 | AW106: 244.70588 | AX106: 94.117647 | AY106: 498.82353 | AZ106: 0 | BA106: 70.588235 | BB106: 20.705882 | BC106: 247.52941 | BD106: 20.705882 | BE106: 268.23529 | BF106: 970.35294 | BG106: 1238.5882 | BH106: 6960.9412 | BI106: 269509.06 | FE106: 40276 | FF106: 1317.6471 | FG106: 770.82353 | FH106: 2088.4706 | FI106: 70.588235 | FJ106: #REF! | FK106: #REF! | FL106: 112.94118 | FM106: 47.058824 | FN106: #REF! | FO106: 94.117647 | FP106: #REF! | FR106: #REF!
A107: 0 | B107: 40277 | C107: 40277 | D107: 39549 | E107: 40277 | F107: 14 | H107: B | K107: 2164.7059 | L107: 545.88235 | M107: 2710.5882 | N107: 527.05882 | O107: 192 | P107: 719.05882 | Q107: 47.058824 | R107: 0 | S107: 47.058824 | T107: 98.823529 | U107: 1396.7059 | V107: 1495.5294 | W107: 672.94118 | X107: 1588.7059 | Y107: 2261.6471 | Z107: 4972.2353 | AA107: 204.47059 | AB107: 87.482353 | AC107: 291.95294 | AD107: 3.7647059 | AE107: 0 | AF107: 3.7647059 | AG107: 167.29412 | AH107: 71.576471 | AI107: 238.87059 | AJ107: 30.117647 | AK107: 304.94118 | AL107: 335.05882 | AM107: 201.17647 | AN107: 376.51765 | AO107: 577.69412 | AP107: 869.64706 | AQ107: 0 | AR107: 3002.5412 | AS107: 2839.3412 | AT107: 5841.8824 | AU107: 103.52941 | AV107: 47.058824 | AW107: 47.058824 | AX107: 122.35294 | AY107: 320 | AZ107: 0 | BA107: 26.352941 | BB107: 142.11765 | BC107: 121.41176 | BD107: 142.11765 | BE107: 263.52941 | BF107: 1031.5294 | BG107: 1295.0588 | BH107: 7456.9412 | BI107: 276966 | FE107: 40277 | FF107: 2164.7059 | FG107: 527.05882 | FH107: 2691.7647 | FI107: 26.352941 | FJ107: #REF! | FK107: #REF! | FL107: 103.52941 | FM107: 47.058824 | FN107: #REF! | FO107: 122.35294 | FP107: #REF! | FR107: #REF!
A108: 0 | B108: 40278 | C108: 40278 | D108: 39550 | E108: 40278 | F108: 14 | H108: BA | K108: 1552.9412 | L108: 489.41176 | M108: 2042.3529 | N108: 847.05882 | O108: 508.23529 | P108: 1355.2941 | Q108: 80.941176 | R108: 4.7058824 | S108: 85.647059 | T108: 150.58824 | U108: 1317.6471 | V108: 1468.2353 | W108: 1078.5882 | X108: 1830.5882 | Y108: 2909.1765 | Z108: 4951.5294 | AA108: 144.94118 | AB108: 112.84706 | AC108: 257.78824 | AD108: 4.7058824 | AE108: 0 | AF108: 4.7058824 | AG108: 118.58824 | AH108: 92.329412 | AI108: 210.91765 | AJ108: 23.529412 | AK108: 225.88235 | AL108: 249.41176 | AM108: 146.82353 | AN108: 318.21176 | AO108: 465.03529 | AP108: 722.82353 | AQ108: 0 | AR108: 2300.1412 | AS108: 3374.2118 | AT108: 5674.3529 | AU108: 94.117647 | AV108: 51.764706 | AW108: 235.29412 | AX108: 169.41176 | AY108: 550.58824 | AZ108: 0 | BA108: 188.23529 | BB108: 705.88235 | BC108: 188.23529 | BD108: 732.23529 | BE108: 920.47059 | BF108: 1063.5294 | BG108: 1984 | BH108: 8208.9412 | BI108: 285174.94 | FE108: 40278 | FF108: 1552.9412 | FG108: 847.05882 | FH108: 2400 | FI108: 188.23529 | FJ108: #REF! | FK108: #REF! | FL108: 94.117647 | FM108: 51.764706 | FN108: #REF! | FO108: 169.41176 | FP108: #REF! | FR108: #REF!
A109: 0 | B109: 40279 | C109: 40279 | D109: 39551 | E109: 40279 | F109: 14 | H109: BA | K109: 1035.2941 | L109: 376.47059 | M109: 1411.7647 | N109: 1788.2353 | O109: 630.58824 | P109: 2418.8235 | Q109: 154.35294 | R109: 4.7058824 | S109: 159.05882 | T109: 188.23529 | U109: 1976.4706 | V109: 2164.7059 | W109: 2130.8235 | X109: 2611.7647 | Y109: 4742.5882 | Z109: 6154.3529 | AA109: 88 | AB109: 62.117647 | AC109: 150.11765 | AD109: 1.8823529 | AE109: 0 | AF109: 1.8823529 | AG109: 72 | AH109: 50.823529 | AI109: 122.82353 | AJ109: 4.7058824 | AK109: 61.176471 | AL109: 65.882353 | AM109: 78.588235 | AN109: 112 | AO109: 190.58824 | AP109: 340.70588 | AQ109: 0 | AR109: 1561.8824 | AS109: 4933.1765 | AT109: 6495.0588 | AU109: 70.588235 | AV109: 112.94118 | AW109: 0 | AX109: 244.70588 | AY109: 428.23529 | AZ109: 0 | BA109: 122.35294 | BB109: 894.11765 | BC109: 204.23529 | BD109: 923.29412 | BE109: 1127.5294 | BF109: 377.41176 | BG109: 1504.9412 | BH109: 8428.2353 | BI109: 293603.18 | FE109: 40279 | FF109: 1035.2941 | FG109: 1788.2353 | FH109: 2823.5294 | FI109: 122.35294 | FJ109: #REF! | FK109: #REF! | FL109: 70.588235 | FM109: 112.94118 | FN109: #REF! | FO109: 244.70588 | FP109: #REF! | FR109: #REF!
A110: 0 | B110: 40280 | C110: 40280 | D110: 39552 | E110: 40280 | F110: 15 | H110: BA | K110: 1223.5294 | L110: 291.76471 | M110: 1515.2941 | N110: 955.29412 | O110: 400 | P110: 1355.2941 | Q110: 98.823529 | R110: 0 | S110: 98.823529 | T110: 216.47059 | U110: 2831.0588 | V110: 3047.5294 | W110: 1270.5882 | X110: 3231.0588 | Y110: 4501.6471 | Z110: 6016.9412 | AA110: 74.023529 | AB110: 26.917647 | AC110: 100.94118 | AD110: 6.5882353 | AE110: 0 | AF110: 6.5882353 | AG110: 60.564706 | AH110: 22.023529 | AI110: 82.588235 | AJ110: 14.117647 | AK110: 60.235294 | AL110: 74.352941 | AM110: 81.270588 | AN110: 82.258824 | AO110: 163.52941 | AP110: 264.47059 | AQ110: 0 | AR110: 1616.2353 | AS110: 4665.1765 | AT110: 6281.4118 | AU110: 75.294118 | AV110: 70.588235 | AW110: 0 | AX110: 169.41176 | AY110: 315.29412 | AZ110: 0 | BA110: 0 | BB110: 198.58824 | BC110: 39.529412 | BD110: 198.58824 | BE110: 238.11765 | BF110: 131.76471 | BG110: 369.88235 | BH110: 6966.5882 | BI110: 300569.76 | FE110: 40280 | FF110: 1223.5294 | FG110: 955.29412 | FH110: 2178.8235 | FI110: 0 | FJ110: #REF! | FK110: #REF! | FL110: 75.294118 | FM110: 70.588235 | FN110: #REF! | FO110: 169.41176 | FP110: #REF! | FR110: #REF!
A111: 0 | B111: 40281 | C111: 40281 | D111: 39553 | E111: 40281 | F111: 15 | H111: BA | K111: 2258.8235 | L111: 687.05882 | M111: 2945.8824 | N111: 1495.5294 | O111: 496 | P111: 1991.5294 | Q111: 88.470588 | R111: 0 | S111: 88.470588 | T111: 221.17647 | U111: 2680.4706 | V111: 2901.6471 | W111: 1805.1765 | X111: 3176.4706 | Y111: 4981.6471 | Z111: 7927.5294 | AA111: 163.57647 | AB111: 56.941176 | AC111: 220.51765 | AD111: 4.7058824 | AE111: 0 | AF111: 4.7058824 | AG111: 133.83529 | AH111: 46.588235 | AI111: 180.42353 | AJ111: 12.235294 | AK111: 122.35294 | AL111: 134.58824 | AM111: 150.77647 | AN111: 168.94118 | AO111: 319.71765 | AP111: 540.23529 | AQ111: 0 | AR111: 3166.4 | AS111: 5301.3647 | AT111: 8467.7647 | AU111: 94.117647 | AV111: 65.882353 | AW111: 0 | AX111: 301.17647 | AY111: 461.17647 | AZ111: 0 | BA111: 23.529412 | BB111: 51.764706 | BC111: 23.529412 | BD111: 51.764706 | BE111: 75.294118 | BF111: 178.82353 | BG111: 254.11765 | BH111: 9183.0588 | BI111: 309752.82 | FE111: 40281 | FF111: 2258.8235 | FG111: 1495.5294 | FH111: 3754.3529 | FI111: 23.529412 | FJ111: #REF! | FK111: #REF! | FL111: 94.117647 | FM111: 65.882353 | FN111: #REF! | FO111: 301.17647 | FP111: #REF! | FR111: #REF!
A112: 0 | B112: 40282 | C112: 40282 | D112: 39554 | E112: 40282 | F112: 15 | H112: BA | K112: 2164.7059 | L112: 1035.2941 | M112: 3200 | N112: 1451.2941 | O112: 691.76471 | P112: 2143.0588 | Q112: 145.88235 | R112: 0.94117647 | S112: 146.82353 | T112: 98.823529 | U112: 2650.3529 | V112: 2749.1765 | W112: 1696 | X112: 3343.0588 | Y112: 5039.0588 | Z112: 8239.0588 | AA112: 106.11765 | AB112: 85.411765 | AC112: 191.52941 | AD112: 0 | AE112: 0 | AF112: 0 | AG112: 86.823529 | AH112: 69.882353 | AI112: 156.70588 | AJ112: 1.8823529 | AK112: 161.88235 | AL112: 163.76471 | AM112: 88.705882 | AN112: 231.76471 | AO112: 320.47059 | AP112: 512 | AQ112: 0 | AR112: 3391.5294 | AS112: 5359.5294 | AT112: 8751.0588 | AU112: 94.117647 | AV112: 65.882353 | AW112: 0 | AX112: 141.17647 | AY112: 301.17647 | AZ112: 0 | BA112: 0 | BB112: 49.882353 | BC112: 26.352941 | BD112: 88.470588 | BE112: 114.82353 | BF112: 991.05882 | BG112: 1105.8824 | BH112: 10158.118 | BI112: 319910.94 | FE112: 40282 | FF112: 2164.7059 | FG112: 1451.2941 | FH112: 3616 | FI112: 0 | FJ112: #REF! | FK112: #REF! | FL112: 94.117647 | FM112: 65.882353 | FN112: #REF! | FO112: 141.17647 | FP112: #REF! | FR112: #REF!
A113: 0 | B113: 40283 | C113: 40283 | D113: 39555 | E113: 40283 | F113: 15 | H113: BA | K113: 2447.0588 | L113: 719.05882 | M113: 3166.1176 | N113: 1474.8235 | O113: 517.64706 | P113: 1992.4706 | Q113: 154.35294 | R113: 0.94117647 | S113: 155.29412 | T113: 166.58824 | U113: 2544.9412 | V113: 2711.5294 | W113: 1795.7647 | X113: 3063.5294 | Y113: 4859.2941 | Z113: 8025.4118 | AA113: 93.176471 | AB113: 67.294118 | AC113: 160.47059 | AD113: 3.7647059 | AE113: 0 | AF113: 3.7647059 | AG113: 76.235294 | AH113: 55.058824 | AI113: 131.29412 | AJ113: 6.5882353 | AK113: 103.52941 | AL113: 110.11765 | AM113: 86.588235 | AN113: 158.58824 | AO113: 245.17647 | AP113: 405.64706 | AQ113: 0 | AR113: 3326.5882 | AS113: 5104.4706 | AT113: 8431.0588 | AU113: 70.588235 | AV113: 65.882353 | AW113: 0 | AX113: 94.117647 | AY113: 230.58824 | AZ113: 0 | BA113: 32.941176 | BB113: 33.882353 | BC113: 32.941176 | BD113: 70.588235 | BE113: 103.52941 | BF113: 971.29412 | BG113: 1074.8235 | BH113: 9736.4706 | BI113: 329647.41 | FE113: 40283 | FF113: 2447.0588 | FG113: 1474.8235 | FH113: 3921.8824 | FI113: 32.941176 | FJ113: #REF! | FK113: #REF! | FL113: 70.588235 | FM113: 65.882353 | FN113: #REF! | FO113: 94.117647 | FP113: #REF! | FR113: #REF!
A114: 0 | B114: 40284 | C114: 40284 | D114: 39556 | E114: 40284 | F114: 15 | H114: BA | K114: 1604.7059 | L114: 475.29412 | M114: 2080 | N114: 789.64706 | O114: 282.35294 | P114: 1072 | Q114: 60.235294 | R114: 0 | S114: 60.235294 | T114: 242.82353 | U114: 2064.9412 | V114: 2307.7647 | W114: 1092.7059 | X114: 2347.2941 | Y114: 3440 | Z114: 5520 | AA114: 66.258824 | AB114: 33.647059 | AC114: 99.905882 | AD114: 5.6470588 | AE114: 0 | AF114: 5.6470588 | AG114: 54.211765 | AH114: 27.529412 | AI114: 81.741176 | AJ114: 5.6470588 | AK114: 84.705882 | AL114: 90.352941 | AM114: 65.505882 | AN114: 112.23529 | AO114: 177.74118 | AP114: 277.64706 | AQ114: 0 | AR114: 2179.9059 | AS114: 3617.7412 | AT114: 5797.6471 | AU114: 70.588235 | AV114: 47.058824 | AW114: 0 | AX114: 174.11765 | AY114: 291.76471 | AZ114: 0 | BA114: 0 | BB114: 0 | BC114: 0 | BD114: 0 | BE114: 0 | BF114: 1400.4706 | BG114: 1400.4706 | BH114: 7489.8824 | BI114: 337137.29 | FE114: 40284 | FF114: 1604.7059 | FG114: 789.64706 | FH114: 2394.3529 | FI114: 0 | FJ114: #REF! | FK114: #REF! | FL114: 70.588235 | FM114: 47.058824 | FN114: #REF! | FO114: 174.11765 | FP114: #REF! | FR114: #REF!
A115: 0 | B115: 40285 | C115: 40285 | D115: 39557 | E115: 40285 | F115: 15 | H115: BAC | K115: 1971.7647 | L115: 648.47059 | M115: 2620.2353 | N115: 1251.7647 | O115: 283.29412 | P115: 1535.0588 | Q115: 70.588235 | R115: 1.8823529 | S115: 72.470588 | T115: 232.47059 | U115: 1132.2353 | V115: 1364.7059 | W115: 1554.8235 | X115: 1417.4118 | Y115: 2972.2353 | Z115: 5592.4706 | AA115: 33.129412 | AB115: 20.705882 | AC115: 53.835294 | AD115: 3.7647059 | AE115: 0 | AF115: 3.7647059 | AG115: 27.105882 | AH115: 16.941176 | AI115: 44.047059 | AJ115: 28.235294 | AK115: 70.588235 | AL115: 98.823529 | AM115: 59.105882 | AN115: 87.529412 | AO115: 146.63529 | AP115: 200.47059 | AQ115: 0 | AR115: 2674.0706 | AS115: 3118.8706 | AT115: 5792.9412 | AU115: 75.294118 | AV115: 37.647059 | AW115: 141.17647 | AX115: 141.17647 | AY115: 395.29412 | AZ115: 0 | BA115: 235.29412 | BB115: 611.76471 | BC115: 235.29412 | BD115: 611.76471 | BE115: 847.05882 | BF115: 927.05882 | BG115: 1774.1176 | BH115: 7962.3529 | BI115: 345099.65 | FE115: 40285 | FF115: 1971.7647 | FG115: 1251.7647 | FH115: 3223.5294 | FI115: 235.29412 | FJ115: #REF! | FK115: #REF! | FL115: 75.294118 | FM115: 37.647059 | FN115: #REF! | FO115: 141.17647 | FP115: #REF! | FR115: #REF!
... A128: 0 | B128: 40298 | C128: 40298 | D128: 39570 | E128: 40298 | F128: 17 | H128: C | K128: 475.29412 | L128: 141.17647 | M128: 616.47059 | N128: 235.29412 | O128: 188.23529 | P128: 423.52941 | Q128: 42.352941 | R128: 0 | S128: 42.352941 | T128: 122.35294 | U128: 847.05882 | V128: 969.41176 | W128: 400 | X128: 1035.2941 | Y128: 1435.2941 | Z128: 2051.7647 | AA128: 55.905882 | AB128: 26.917647 | AC128: 82.823529 | AD128: 0 | AE128: 0 | AF128: 0 | AG128: 45.741176 | AH128: 22.023529 | AI128: 67.764706 | AJ128: 0 | AK128: 39.529412 | AL128: 39.529412 | AM128: 45.741176 | AN128: 61.552941 | AO128: 107.29412 | AP128: 190.11765 | AQ128: 0 | AR128: 699.29412 | AS128: 1542.5882 | AT128: 2241.8824 | AU128: 37.647059 | AV128: 18.823529 | AW128: 0 | AX128: 84.705882 | AY128: 141.17647 | AZ128: 0 | BA128: 77.176471 | BB128: 102.58824 | BC128: 77.176471 | BD128: 162.82353 | BE128: 240 | BF128: 1228.2353 | BG128: 1468.2353 | BH128: 3851.2941 | BI128: 434362.71 | FE128: 40298 | FF128: 475.29412 | FG128: 235.29412 | FH128: 710.58824 | FI128: 77.176471 | FJ128: #REF! | FK128: #REF! | FL128: 37.647059 | FM128: 18.823529 | FN128: #REF! | FO128: 84.705882 | FP128: #REF! | FR128: #REF!
AT129: 0 | AY129: 0
A130: 0 | B130: 40299 | C130: 40299 | D130: 39571 | E130: 40299 | F130: 17 | G130: 1er Mai | H130: C | K130: 2463.0588 | L130: 484.70588 | M130: 2947.7647 | N130: 470.58824 | O130: 470.58824 | P130: 941.17647 | Q130: 131.76471 | R130: 0 | S130: 131.76471 | T130: 235.29412 | U130: 1317.6471 | V130: 1552.9412 | W130: 837.64706 | X130: 1788.2353 | Y130: 2625.8824 | Z130: 5573.6471 | AA130: 47.623529 | AB130: 37.788235 | AC130: 85.411765 | AD130: 0 | AE130: 0 | AF130: 0 | AG130: 38.964706 | AH130: 30.917647 | AI130: 69.882353 | AJ130: 9.4117647 | AK130: 74.352941 | AL130: 83.764706 | AM130: 48.376471 | AN130: 105.27059 | AO130: 153.64706 | AP130: 239.05882 | AQ130: 0 | AR130: 3033.1765 | AS130: 2779.5294 | AT130: 5812.7059 | AU130: 131.76471 | AV130: 37.647059 | AW130: 0 | AX130: 258.82353 | AY130: 428.23529 | AZ130: 0 | BA130: 1411.7647 | BB130: 1610.3529 | BC130: 1411.7647 | BD130: 1671.5294 | BE130: 3083.2941 | BF130: 242.82353 | BG130: 3326.1176 | BH130: 9567.0588 | BI130: 443929.76 | FE130: 40299 | FF130: 2463.0588 | FG130: 470.58824 | FH130: 2933.6471 | FI130: 1411.7647 | FJ130: #REF! | FK130: #REF! | FL130: 131.76471 | FM130: 37.647059 | FN130: #REF! | FO130: 258.82353 | FP130: #REF! | FR130: #REF!
A131: 0 | B131: 40300 | C131: 40300 | D131: 39572 | E131: 40300 | F131: 17 | H131: C | K131: 1223.5294 | L131: 78.117647 | M131: 1301.6471 | N131: 282.35294 | O131: 94.117647 | P131: 376.47059 | Q131: 47.058824 | R131: 0 | S131: 47.058824 | T131: 94.117647 | U131: 470.58824 | V131: 564.70588 | W131: 423.52941 | X131: 564.70588 | Y131: 988.23529 | Z131: 2289.8824 | AA131: 31.576471 | AB131: 4.6588235 | AC131: 36.235294 | AD131: 0 | AE131: 0 | AF131: 0 | AG131: 25.835294 | AH131: 3.8117647 | AI131: 29.647059 | AJ131: 13.176471 | AK131: 42.352941 | AL131: 55.529412 | AM131: 39.011765 | AN131: 46.164706 | AO131: 85.176471 | AP131: 121.41176 | AQ131: 0 | AR131: 1337.8824 | AS131: 1073.4118 | AT131: 2411.2941 | AU131: 47.058824 | AV131: 75.294118 | AW131: 0 | AX131: 94.117647 | AY131: 216.47059 | AZ131: 0 | BA131: 196.70588 | BB131: 1423.0588 | BC131: 235.29412 | BD131: 1423.0588 | BE131: 1658.3529 | BF131: 183.52941 | BG131: 1841.8824 | BH131: 4469.6471 | BI131: 448399.41 | FE131: 40300 | FF131: 1223.5294 | FG131: 282.35294 | FH131: 1505.8824 | FI131: 196.70588 | FJ131: #REF! | FK131: #REF! | FL131: 47.058824 | FM131: 75.294118 | FN131: #REF! | FO131: 94.117647 | FP131: #REF! | FR131: #REF!
A132: 0 | B132: 40301 | C132: 40301 | D132: 39573 | E132: 40301 | F132: 18 | K132: 207.05882 | L132: 40.470588 | M132: 247.52941 | N132: 348.23529 | O132: 51.764706 | P132: 400 | Q132: 9.4117647 | R132: 0 | S132: 9.4117647 | T132: 75.294118 | U132: 249.41176 | V132: 324.70588 | W132: 432.94118 | X132: 301.17647 | Y132: 734.11765 | Z132: 981.64706 | AA132: 27.952941 | AB132: 0 | AC132: 27.952941 | AD132: 0 | AE132: 0 | AF132: 0 | AG132: 22.870588 | AH132: 0 | AI132: 22.870588 | AJ132: 0 | AK132: 9.4117647 | AL132: 9.4117647 | AM132: 22.870588 | AN132: 9.4117647 | AO132: 32.282353 | AP132: 60.235294 | AQ132: 0 | AR132: 275.48235 | AS132: 766.4 | AT132: 1041.8824 | AU132: 56.470588 | AV132: 28.235294 | AW132: 0 | AX132: 108.23529 | AY132: 192.94118 | AZ132: 0 | BA132: 0 | BB132: 35.764706 | BC132: 36.705882 | BD132: 35.764706 | BE132: 72.470588 | BF132: 51.764706 | BG132: 124.23529 | BH132: 1359.0588 | BI132: 449758.47 | FE132: 40301 | FF132: 207.05882 | FG132: 348.23529 | FH132: 555.29412 | FI132: 0 | FJ132: #REF! | FK132: #REF! | FL132: 56.470588 | FM132: 28.235294 | FN132: #REF! | FO132: 108.23529 | FP132: #REF! | FR132: #REF!
A133: 0 | B133: 40302 | C133: 40302 | D133: 39574 | E133: 40302 | F133: 18 | K133: 235.29412 | L133: 48 | M133: 283.29412 | N133: 414.11765 | O133: 112.94118 | P133: 527.05882 | Q133: 35.764706 | R133: 0 | S133: 35.764706 | T133: 75.294118 | U133: 329.41176 | V133: 404.70588 | W133: 525.17647 | X133: 442.35294 | Y133: 967.52941 | Z133: 1250.8235 | AA133: 19.152941 | AB133: 1.0352941 | AC133: 20.188235 | AD133: 0 | AE133: 0 | AF133: 0 | AG133: 15.670588 | AH133: 0.84705882 | AI133: 16.517647 | AJ133: 1.8823529 | AK133: 7.5294118 | AL133: 9.4117647 | AM133: 17.552941 | AN133: 8.3764706 | AO133: 25.929412 | AP133: 46.117647 | AQ133: 0 | AR133: 303.48235 | AS133: 993.45882 | AT133: 1296.9412 | AU133: 51.764706 | AV133: 28.235294 | AW133: 0 | AX133: 75.294118 | AY133: 155.29412 | AZ133: 0 | BA133: 0 | BB133: 0 | BC133: 0 | BD133: 0 | BE133: 0 | BF133: 519.52941 | BG133: 519.52941 | BH133: 1971.7647 | BI133: 451730.24 | FE133: 40302 | FF133: 235.29412 | FG133: 414.11765 | FH133: 649.41176 | FI133: 0 | FJ133: #REF! | FK133: #REF! | FL133: 51.764706 | FM133: 28.235294 | FN133: #REF! | FO133: 75.294118 | FP133: #REF! | FR133: #REF!
A134: 0 | B134: 40303 | C134: 40303 | D134: 39575 | E134: 40303 | F134: 18 | K134: 263.52941 | L134: 42.352941 | M134: 305.88235 | N134: 272.94118 | O134: 122.35294 | P134: 395.29412 | Q134: 14.117647 | R134: 0 | S134: 14.117647 | T134: 56.470588 | U134: 301.17647 | V134: 357.64706 | W134: 343.52941 | X134: 423.52941 | Y134: 767.05882 | Z134: 1072.9412 | AA134: 10.352941 | AB134: 2.0705882 | AC134: 12.423529 | AD134: 0 | AE134: 0 | AF134: 0 | AG134: 8.4705882 | AH134: 1.6941176 | AI134: 10.164706 | AJ134: 3.7647059 | AK134: 3.7647059 | AL134: 7.5294118 | AM134: 12.235294 | AN134: 5.4588235 | AO134: 17.694118 | AP134: 30.117647 | AQ134: 0 | AR134: 318.30588 | AS134: 784.75294 | AT134: 1103.0588 | AU134: 37.647059 | AV134: 9.4117647 | AW134: 517.64706 | AX134: 84.705882 | AY134: 649.41176 | AZ134: 0 | BA134: 0 | BB134: 0 | BC134: 0 | BD134: 0 | BE134: 0 | BF134: 1322.3529 | BG134: 1322.3529 | BH134: 3074.8235 | BI134: 454805.06 | FE134: 40303 | FF134: 263.52941 | FG134: 272.94118 | FH134: 536.47059 | FI134: 0 | FJ134: #REF! | FK134: #REF! | FL134: 37.647059 | FM134: 9.4117647 | FN134: #REF! | FO134: 84.705882 | FP134: #REF! | FR134: #REF!
A135: 0 | B135: 40304 | C135: 40304 | D135: 39576 | E135: 40304 | F135: 18 | K135: 301.17647 | L135: 43.294118 | M135: 344.47059 | N135: 305.88235 | O135: 77.176471 | P135: 383.05882 | Q135: 18.823529 | R135: 0 | S135: 18.823529 | T135: 80 | U135: 277.64706 | V135: 357.64706 | W135: 404.70588 | X135: 354.82353 | Y135: 759.52941 | Z135: 1104 | AA135: 18.117647 | AB135: 2.5882353 | AC135: 20.705882 | AD135: 0 | AE135: 0 | AF135: 0 | AG135: 14.823529 | AH135: 2.1176471 | AI135: 16.941176 | AJ135: 2.8235294 | AK135: 3.7647059 | AL135: 6.5882353 | AM135: 17.647059 | AN135: 5.8823529 | AO135: 23.529412 | AP135: 44.235294 | AQ135: 0 | AR135: 365.17647 | AS135: 783.05882 | AT135: 1148.2353 | AU135: 37.647059 | AV135: 9.4117647 | AW135: 0 | AX135: 37.647059 | AY135: 84.705882 | AZ135: 0 | BA135: 0 | BB135: 0 | BC135: 36.705882 | BD135: 0 | BE135: 36.705882 | BF135: 2004.7059 | BG135: 2041.4118 | BH135: 3274.3529 | BI135: 458079.41 | FE135: 40304 | FF135: 301.17647 | FG135: 305.88235 | FH135: 607.05882 | FI135: 0 | FJ135: #REF! | FK135: #REF! | FL135: 37.647059 | FM135: 9.4117647 | FN135: #REF! | FO135: 37.647059 | FP135: #REF! | FR135: #REF!
A136: 0 | B136: 40305 | C136: 40305 | D136: 39577 | E136: 40305 | F136: 18 | K136: 244.70588 | L136: 178.82353 | M136: 423.52941 | N136: 1543.5294 | O136: 734.11765 | P136: 2277.6471 | Q136: 112.94118 | R136: 0 | S136: 112.94118 | T136: 127.05882 | U136: 856.47059 | V136: 983.52941 | W136: 1783.5294 | X136: 1590.5882 | Y136: 3374.1176 | Z136: 3797.6471 | AA136: 12.941176 | AB136: 4.6588235 | AC136: 17.6 | AD136: 0 | AE136: 0 | AF136: 0 | AG136: 10.588235 | AH136: 3.8117647 | AI136: 14.4 | AJ136: 0 | AK136: 3.7647059 | AL136: 3.7647059 | AM136: 10.588235 | AN136: 7.5764706 | AO136: 18.164706 | AP136: 35.764706 | AQ136: 0 | AR136: 441.12941 | AS136: 3392.2824 | AT136: 3833.4118 | AU136: 37.647059 | AV136: 9.4117647 | AW136: 0 | AX136: 84.705882 | AY136: 131.76471 | AZ136: 0 | BA136: 77.176471 | BB136: 102.58824 | BC136: 77.176471 | BD136: 102.58824 | BE136: 179.76471 | BF136: 1358.1176 | BG136: 1537.8824 | BH136: 5503.0588 | BI136: 463582.47 | FE136: 40305 | FF136: 244.70588 | FG136: 1543.5294 | FH136: 1788.2353 | FI136: 77.176471 | FJ136: #REF! | FK136: #REF! | FL136: 37.647059 | FM136: 9.4117647 | FN136: #REF! | FO136: 84.705882 | FP136: #REF! | FR136: #REF!
A137: 0 | B137: 40306 | C137: 40306 | D137: 39578 | E137: 40306 | F137: 18 | G137: 8 Mai 1945 | K137: 2352.9412 | L137: 484.70588 | M137: 2837.6471 | N137: 470.58824 | O137: 470.58824 | P137: 941.17647 | Q137: 131.76471 | R137: 0 | S137: 131.76471 | T137: 235.29412 | U137: 1317.6471 | V137: 1552.9412 | W137: 837.64706 | X137: 1788.2353 | Y137: 2625.8824 | Z137: 5463.5294 | AA137: 47.623529 | AB137: 37.788235 | AC137: 85.411765 | AD137: 0 | AE137: 0 | AF137: 0 | AG137: 38.964706 | AH137: 30.917647 | AI137: 69.882353 | AJ137: 9.4117647 | AK137: 74.352941 | AL137: 83.764706 | AM137: 48.376471 | AN137: 105.27059 | AO137: 153.64706 | AP137: 239.05882 | AQ137: 0 | AR137: 2923.0588 | AS137: 2779.5294 | AT137: 5702.5882 | AU137: 131.76471 | AV137: 37.647059 | AW137: 0 | AX137: 258.82353 | AY137: 428.23529 | AZ137: 0 | BA137: 1411.7647 | BB137: 1610.3529 | BC137: 1411.7647 | BD137: 1671.5294 | BE137: 3083.2941 | BF137: 242.82353 | BG137: 3326.1176 | BH137: 9456.9412 | BI137: 473039.41 | FE137: 40306 | FF137: 2352.9412 | FG137: 470.58824 | FH137: 2823.5294 | FI137: 1411.7647 | FJ137: #REF! | FK137: #REF! | FL137: 131.76471 | FM137: 37.647059 | FN137: #REF! | FO137: 258.82353 | FP137: #REF! | FR137: #REF!
A138: 0 | B138: 40307 | C138: 40307 | D138: 39579 | E138: 40307 | F138: 18 | K138: 1129.4118 | L138: 75.294118 | M138: 1204.7059 | N138: 282.35294 | O138: 94.117647 | P138: 376.47059 | Q138: 47.058824 | R138: 0 | S138: 47.058824 | T138: 94.117647 | U138: 470.58824 | V138: 564.70588 | W138: 423.52941 | X138: 564.70588 | Y138: 988.23529 | Z138: 2192.9412 | AA138: 31.576471 | AB138: 4.6588235 | AC138: 36.235294 | AD138: 0 | AE138: 0 | AF138: 0 | AG138: 25.835294 | AH138: 3.8117647 | AI138: 29.647059 | AJ138: 13.176471 | AK138: 42.352941 | AL138: 55.529412 | AM138: 39.011765 | AN138: 46.164706 | AO138: 85.176471 | AP138: 121.41176 | AQ138: 0 | AR138: 1240.9412 | AS138: 1073.4118 | AT138: 2314.3529 | AU138: 47.058824 | AV138: 75.294118 | AW138: 0 | AX138: 94.117647 | AY138: 216.47059 | AZ138: 0 | BA138: 196.70588 | BB138: 1423.0588 | BC138: 235.29412 | BD138: 1423.0588 | BE138: 1658.3529 | BF138: 183.52941 | BG138: 1841.8824 | BH138: 4372.7059 | BI138: 477412.12 | FE138: 40307 | FF138: 1129.4118 | FG138: 282.35294 | FH138: 1411.7647 | FI138: 196.70588 | FJ138: #REF! | FK138: #REF! | FL138: 47.058824 | FM138: 75.294118 | FN138: #REF! | FO138: 94.117647 | FP138: #REF! | FR138: #REF!
A139: 0 | B139: 40308 | C139: 40308 | D139: 39580 | E139: 40308 | F139: 19 | K139: 276.70588 | L139: 33.882353 | M139: 310.58824 | N139: 174.11765 | O139: 31.058824 | P139: 205.17647 | Q139: 11.294118 | R139: 0 | S139: 11.294118 | T139: 56.470588 | U139: 240 | V139: 296.47059 | W139: 241.88235 | X139: 271.05882 | Y139: 512.94118 | Z139: 823.52941 | AA139: 8.8 | AB139: 3.1058824 | AC139: 11.905882 | AD139: 0 | AE139: 0 | AF139: 0 | AG139: 7.2 | AH139: 2.5411765 | AI139: 9.7411765 | AJ139: 0 | AK139: 6.5882353 | AL139: 6.5882353 | AM139: 7.2 | AN139: 9.1294118 | AO139: 16.329412 | AP139: 28.235294 | AQ139: 0 | AR139: 322.49412 | AS139: 529.27059 | AT139: 851.76471 | AU139: 37.647059 | AV139: 9.4117647 | AW139: 28.235294 | AX139: 65.882353 | AY139: 141.17647 | AZ139: 0 | BA139: 0 | BB139: 0 | BC139: 0 | BD139: 0 | BE139: 0 | BF139: 178.82353 | BG139: 178.82353 | BH139: 1171.7647 | BI139: 478583.88 | FE139: 40308 | FF139: 276.70588 | FG139: 174.11765 | FH139: 450.82353 | FI139: 0 | FJ139: #REF! | FK139: #REF! | FL139: 37.647059 | FM139: 9.4117647 | FN139: #REF! | FO139: 65.882353 | FP139: #REF! | FR139: #REF!
A140: 0 | B140: 40309 | C140: 40309 | D140: 39581 | E140: 40309 | F140: 19 | K140: 264.47059 | L140: 58.352941 | M140: 322.82353 | N140: 169.41176 | O140: 51.764706 | P140: 221.17647 | Q140: 14.117647 | R140: 0 | S140: 14.117647 | T140: 51.764706 | U140: 329.41176 | V140: 381.17647 | W140: 235.29412 | X140: 381.17647 | Y140: 616.47059 | Z140: 939.29412 | AA140: 20.705882 | AB140: 4.6588235 | AC140: 25.364706 | AD140: 0 | AE140: 0 | AF140: 0 | AG140: 16.941176 | AH140: 3.8117647 | AI140: 20.752941 | AJ140: 0 | AK140: 1.8823529 | AL140: 1.8823529 | AM140: 16.941176 | AN140: 5.6941176 | AO140: 22.635294 | AP140: 48 | AQ140: 0 | AR140: 348.18824 | AS140: 639.10588 | AT140: 987.29412 | AU140: 37.647059 | AV140: 14.117647 | AW140: 28.235294 | AX140: 65.882353 | AY140: 145.88235 | AZ140: 0 | BA140: 0 | BB140: 0 | BC140: 0 | BD140: 0 | BE140: 0 | BF140: 801.88235 | BG140: 801.88235 | BH140: 1935.0588 | BI140: 480518.94 | FE140: 40309 | FF140: 264.47059 | FG140: 169.41176 | FH140: 433.88235 | FI140: 0 | FJ140: #REF! | FK140: #REF! | FL140: 37.647059 | FM140: 14.117647 | FN140: #REF! | FO140: 65.882353 | FP140: #REF! | FR140: #REF!
A141: 0 | B141: 40310 | C141: 40310 | D141: 39582 | E141: 40310 | F141: 19 | K141: 223.05882 | L141: 51.764706 | M141: 274.82353 | N141: 161.88235 | O141: 57.411765 | P141: 219.29412 | Q141: 17.882353 | R141: 0 | S141: 17.882353 | T141: 51.764706 | U141: 272.94118 | V141: 324.70588 | W141: 231.52941 | X141: 330.35294 | Y141: 561.88235 | Z141: 836.70588 | AA141: 12.941176 | AB141: 1.5529412 | AC141: 14.494118 | AD141: 0 | AE141: 0 | AF141: 0 | AG141: 10.588235 | AH141: 1.2705882 | AI141: 11.858824 | AJ141: 5.6470588 | AK141: 1.8823529 | AL141: 7.5294118 | AM141: 16.235294 | AN141: 3.1529412 | AO141: 19.388235 | AP141: 33.882353 | AQ141: 0 | AR141: 289.31765 | AS141: 581.27059 | AT141: 870.58824 | AU141: 51.764706 | AV141: 23.529412 | AW141: 0 | AX141: 75.294118 | AY141: 150.58824 | AZ141: 0 | BA141: 0 | BB141: 0 | BC141: 0 | BD141: 0 | BE141: 0 | BF141: 1581.1765 | BG141: 1581.1765 | BH141: 2602.3529 | BI141: 483121.29 | FE141: 40310 | FF141: 223.05882 | FG141: 161.88235 | FH141: 384.94118 | FI141: 0 | FJ141: #REF! | FK141: #REF! | FL141: 51.764706 | FM141: 23.529412 | FN141: #REF! | FO141: 75.294118 | FP141: #REF! | FR141: #REF!
A142: 0 | B142: 40311 | C142: 40311 | D142: 39583 | E142: 40311 | F142: 19 | G142: Ascension | K142: 470.58824 | L142: 178.82353 | M142: 649.41176 | N142: 1505.8824 | O142: 329.41176 | P142: 1835.2941 | Q142: 112.94118 | R142: 0 | S142: 112.94118 | T142: 127.05882 | U142: 809.41176 | V142: 936.47059 | W142: 1745.8824 | X142: 1138.8235 | Y142: 2884.7059 | Z142: 3534.1176 | AA142: 12.941176 | AB142: 4.6588235 | AC142: 17.6 | AD142: 0 | AE142: 0 | AF142: 0 | AG142: 10.588235 | AH142: 3.8117647 | AI142: 14.4 | AJ142: 0 | AK142: 3.7647059 | AL142: 3.7647059 | AM142: 10.588235 | AN142: 7.5764706 | AO142: 18.164706 | AP142: 35.764706 | AQ142: 0 | AR142: 667.01176 | AS142: 2902.8706 | AT142: 3569.8824 | AU142: 37.647059 | AV142: 91.294118 | AW142: 0 | AX142: 150.58824 | AY142: 279.52941 | AZ142: 0 | BA142: 564.70588 | BB142: 260.70588 | BC142: 564.70588 | BD142: 260.70588 | BE142: 825.41176 | BF142: 1358.1176 | BG142: 2183.5294 | BH142: 6032.9412 | BI142: 489154.24 | FE142: 40311 | FF142: 470.58824 | FG142: 1505.8824 | FH142: 1976.4706 | FI142: 564.70588 | FJ142: #REF! | FK142: #REF! | FL142: 37.647059 | FM142: 91.294118 | FN142: #REF! | FO142: 150.58824 | FP142: #REF! | FR142: #REF!
A143: 0 | B143: 40312 | C143: 40312 | D143: 39584 | E143: 40312 | F143: 19 | K143: 3576.4706 | L143: 376.47059 | M143: 3952.9412 | N143: 1694.1176 | O143: 329.41176 | P143: 2023.5294 | Q143: 112.94118 | R143: 0 | S143: 112.94118 | T143: 611.76471 | U143: 1976.4706 | V143: 2588.2353 | W143: 2418.8235 | X143: 2305.8824 | Y143: 4724.7059 | Z143: 8677.6471 | AA143: 537.83529 | AB143: 64.188235 | AC143: 602.02353 | AD143: 15.058824 | AE143: 0 | AF143: 15.058824 | AG143: 440.04706 | AH143: 52.517647 | AI143: 492.56471 | AJ143: 111.05882 | AK143: 225.88235 | AL143: 336.94118 | AM143: 566.16471 | AN143: 278.4 | AO143: 844.56471 | AP143: 1446.5882 | AQ143: 0 | AR143: 4554.9647 | AS143: 5569.2706 | AT143: 10124.235 | AU143: 470.58824 | AV143: 49.930829 | AW143: 0 | AX143: 169.41176 | AY143: 689.93083 | AZ143: 0 | BA143: 611.76471 | BB143: 423.52941 | BC143: 611.76471 | BD143: 423.52941 | BE143: 1035.2941 | BF143: 174.11765 | BG143: 1209.4118 | BH143: 12023.578 | BI143: 501177.81 | FE143: 40312 | FF143: 3576.4706 | FG143: 1694.1176 | FH143: 5270.5882 | FI143: 611.76471 | FJ143: #REF! | FK143: #REF! | FL143: 470.58824 | FM143: 49.930829 | FN143: #REF! | FO143: 169.41176 | FP143: #REF! | FR143: #REF!
A144: 0 | B144: 40313 | C144: 40313 | D144: 39585 | E144: 40313 | F144: 19 | K144: 1788.2353 | L144: 564.70588 | M144: 2352.9412 | N144: 818.82353 | O144: 122.35294 | P144: 941.17647 | Q144: 28.235294 | R144: 0 | S144: 28.235294 | T144: 169.41176 | U144: 1694.1176 | V144: 1863.5294 | W144: 1016.4706 | X144: 1816.4706 | Y144: 2832.9412 | Z144: 5185.8824 | AA144: 22.776471 | AB144: 3.6235294 | AC144: 26.4 | AD144: 0 | AE144: 0 | AF144: 0 | AG144: 18.635294 | AH144: 2.9647059 | AI144: 21.6 | AJ144: 4.7058824 | AK144: 32.941176 | AL144: 37.647059 | AM144: 23.341176 | AN144: 35.905882 | AO144: 59.247059 | AP144: 85.647059 | AQ144: 0 | AR144: 2379.3412 | AS144: 2892.1882 | AT144: 5271.5294 | AU144: 122.35294 | AV144: 94.117647 | AW144: 0 | AX144: 150.58824 | AY144: 367.05882 | AZ144: 0 | BA144: 1035.2941 | BB144: 1824 | BC144: 1055.0588 | BD144: 1881.4118 | BE144: 2936.4706 | BF144: 616.47059 | BG144: 3552.9412 | BH144: 9191.5294 | BI144: 510369.34 | FE144: 40313 | FF144: 1788.2353 | FG144: 818.82353 | FH144: 2607.0588 | FI144: 1035.2941 | FJ144: #REF! | FK144: #REF! | FL144: 122.35294 | FM144: 94.117647 | FN144: #REF! | FO144: 150.58824 | FP144: #REF! | FR144: #REF!
A145: 0 | B145: 40314 | C145: 40314 | D145: 39586 | E145: 40314 | F145: 19 | K145: 1176.4706 | L145: 94.117647 | M145: 1270.5882 | N145: 365.17647 | O145: 94.117647 | P145: 459.29412 | Q145: 14.117647 | R145: 0 | S145: 14.117647 | T145: 51.764706 | U145: 941.17647 | V145: 992.94118 | W145: 431.05882 | X145: 1035.2941 | Y145: 1466.3529 | Z145: 2736.9412 | AA145: 10.352941 | AB145: 5.1764706 | AC145: 15.529412 | AD145: 0 | AE145: 0 | AF145: 0 | AG145: 8.4705882 | AH145: 4.2352941 | AI145: 12.705882 | AJ145: 4.7058824 | AK145: 22.588235 | AL145: 27.294118 | AM145: 13.176471 | AN145: 26.823529 | AO145: 40 | AP145: 55.529412 | AQ145: 0 | AR145: 1286.1176 | AS145: 1506.3529 | AT145: 2792.4706 | AU145: 37.647059 | AV145: 56.470588 | AW145: 0 | AX145: 94.117647 | AY145: 188.23529 | AZ145: 0 | BA145: 249.41176 | BB145: 1600 | BC145: 249.41176 | BD145: 1657.4118 | BE145: 1906.8235 | BF145: 136.47059 | BG145: 2043.2941 | BH145: 5024 | BI145: 515393.34 | FE145: 40314 | FF145: 1176.4706 | FG145: 365.17647 | FH145: 1541.6471 | FI145: 249.41176 | FJ145: #REF! | FK145: #REF! | FL145: 37.647059 | FM145: 56.470588 | FN145: #REF! | FO145: 94.117647 | FP145: #REF! | FR145: #REF!
A146: 0 | B146: 40315 | C146: 40315 | D146: 39587 | E146: 40315 | F146: 20 | K146: 208.94118 | L146: 27.294118 | M146: 236.23529 | N146: 119.52941 | O146: 20.705882 | P146: 140.23529 | Q146: 12.235294 | R146: 0 | S146: 12.235294 | T146: 58.352941 | U146: 149.64706 | V146: 208 | W146: 190.11765 | X146: 170.35294 | Y146: 360.47059 | Z146: 596.70588 | AA146: 36.235294 | AB146: 4.6588235 | AC146: 40.894118 | AD146: 0 | AE146: 0 | AF146: 0 | AG146: 29.647059 | AH146: 3.8117647 | AI146: 33.458824 | AJ146: 7.5294118 | AK146: 12.235294 | AL146: 19.764706 | AM146: 37.176471 | AN146: 16.047059 | AO146: 53.223529 | AP146: 94.117647 | AQ146: 0 | AR146: 277.12941 | AS146: 413.69412 | AT146: 690.82353 | AU146: 47.058824 | AV146: 14.117647 | AW146: 103.52941 | AX146: 32.941176 | AY146: 197.64706 | AZ146: 0 | BA146: 53.647059 | BB146: 0 | BC146: 76.235294 | BD146: 0 | BE146: 76.235294 | BF146: 150.58824 | BG146: 226.82353 | BH146: 1115.2941 | BI146: 516508.64 | FE146: 40315 | FF146: 208.94118 | FG146: 119.52941 | FH146: 328.47059 | FI146: 53.647059 | FJ146: #REF! | FK146: #REF! | FL146: 47.058824 | FM146: 14.117647 | FN146: #REF! | FO146: 32.941176 | FP146: #REF! | FR146: #REF! | FT146: #REF! | FU146: #REF! | FV146: #REF! | FW146: #REF!
A147: 0 | B147: 40316 | C147: 40316 | D147: 39588 | E147: 40316 | F147: 20 | K147: 284.23529 | L147: 36.705882 | M147: 320.94118 | N147: 135.52941 | O147: 18.823529 | P147: 154.35294 | Q147: 26.352941 | R147: 0 | S147: 26.352941 | T147: 39.529412 | U147: 217.41176 | V147: 256.94118 | W147: 201.41176 | X147: 236.23529 | Y147: 437.64706 | Z147: 758.58824 | AA147: 36.752941 | AB147: 8.2823529 | AC147: 45.035294 | AD147: 0 | AE147: 0 | AF147: 0 | AG147: 30.070588 | AH147: 6.7764706 | AI147: 36.847059 | AJ147: 14.117647 | AK147: 14.117647 | AL147: 28.235294 | AM147: 44.188235 | AN147: 20.894118 | AO147: 65.082353 | AP147: 110.11765 | AQ147: 0 | AR147: 365.97647 | AS147: 502.72941 | AT147: 868.70588 | AU147: 47.058824 | AV147: 14.117647 | AW147: 28.235294 | AX147: 56.470588 | AY147: 145.88235 | AZ147: 0 | BA147: 35.764706 | BB147: 0 | BC147: 101.64706 | BD147: 0 | BE147: 101.64706 | BF147: 1308.2353 | BG147: 1409.8824 | BH147: 2424.4706 | BI147: 518933.11 | FE147: 40316 | FF147: 284.23529 | FG147: 135.52941 | FH147: 419.76471 | FI147: 35.764706 | FJ147: #REF! | FK147: #REF! | FL147: 47.058824 | FM147: 14.117647 | FN147: #REF! | FO147: 56.470588 | FP147: #REF! | FR147: #REF! | FT147: #REF! | FU147: #REF! | FV147: #REF! | FW147: #REF!
A148: 0 | B148: 40317 | C148: 40317 | D148: 39589 | E148: 40317 | F148: 20 | K148: 325.64706 | L148: 44.235294 | M148: 369.88235 | N148: 158.11765 | O148: 22.588235 | P148: 180.70588 | Q148: 34.823529 | R148: 0 | S148: 34.823529 | T148: 49.882353 | U148: 188.23529 | V148: 238.11765 | W148: 242.82353 | X148: 210.82353 | Y148: 453.64706 | Z148: 823.52941 | AA148: 31.576471 | AB148: 4.6588235 | AC148: 36.235294 | AD148: 0 | AE148: 0 | AF148: 0 | AG148: 25.835294 | AH148: 3.8117647 | AI148: 29.647059 | AJ148: 0 | AK148: 14.117647 | AL148: 14.117647 | AM148: 25.835294 | AN148: 17.929412 | AO148: 43.764706 | AP148: 80 | AQ148: 0 | AR148: 406.11765 | AS148: 497.41176 | AT148: 903.52941 | AU148: 47.058824 | AV148: 14.117647 | AW148: 37.647059 | AX148: 51.764706 | AY148: 150.58824 | AZ148: 0 | BA148: 244.70588 | BB148: 64 | BC148: 244.70588 | BD148: 64 | BE148: 308.70588 | BF148: 1768.4706 | BG148: 2077.1765 | BH148: 3131.2941 | BI148: 522064.4 | FE148: 40317 | FF148: 325.64706 | FG148: 158.11765 | FH148: 483.76471 | FI148: 244.70588 | FJ148: #REF! | FK148: #REF! | FL148: 47.058824 | FM148: 14.117647 | FN148: #REF! | FO148: 51.764706 | FP148: #REF! | FR148: #REF! | FT148: #REF! | FU148: #REF! | FV148: #REF! | FW148: #REF!
A149: 0 | B149: 40318 | C149: 40318 | D149: 39590 | E149: 40318 | F149: 20 | K149: 305.88235 | L149: 48.941176 | M149: 354.82353 | N149: 136.47059 | O149: 27.294118 | P149: 163.76471 | Q149: 6.5882353 | R149: 0 | S149: 6.5882353 | T149: 40.470588 | U149: 170.35294 | V149: 210.82353 | W149: 183.52941 | X149: 197.64706 | Y149: 381.17647 | Z149: 736 | AA149: 30.023529 | AB149: 6.2117647 | AC149: 36.235294 | AD149: 0 | AE149: 0 | AF149: 0 | AG149: 24.564706 | AH149: 5.0823529 | AI149: 29.647059 | AJ149: 9.4117647 | AK149: 15.058824 | AL149: 24.470588 | AM149: 33.976471 | AN149: 20.141176 | AO149: 54.117647 | AP149: 90.352941 | AQ149: 0 | AR149: 391.05882 | AS149: 435.29412 | AT149: 826.35294 | AU149: 47.058824 | AV149: 14.117647 | AW149: 141.17647 | AX149: 47.058824 | AY149: 249.41176 | AZ149: 0 | BA149: 120.47059 | BB149: 96.941176 | BC149: 200.47059 | BD149: 96.941176 | BE149: 297.41176 | BF149: 1075.7647 | BG149: 1373.1765 | BH149: 2448.9412 | BI149: 524513.34 | FE149: 40318 | FF149: 305.88235 | FG149: 136.47059 | FH149: 442.35294 | FI149: 120.47059 | FJ149: #REF! | FK149: #REF! | FL149: 47.058824 | FM149: 14.117647 | FN149: #REF! | FO149: 47.058824 | FP149: #REF! | FR149: #REF! | FT149: #REF! | FU149: #REF! | FV149: #REF! | FW149: #REF!
...

Sheet Cognos_Office_Connection_Cache

Sheet Janvier
A1: 45292 | B1: HORAIRES ET PREVISIONS DE FREQUENTATION
A3: Jour | B3: =+A1 -> 45292 | C3: =+B3+1 -> 45293 | D3: =+C3+1 -> 45294 | E3: =+D3+1 -> 45295 | F3: =+E3+1 -> 45296 | G3: =+F3+1 -> 45297 | H3: =+G3+1 -> 45298 | I3: =+H3+1 -> 45299 | J3: =+I3+1 -> 45300 | ... AF3: =+AE3+1 -> 45322
A4: Date | B4: =+A1 -> 45292 | C4: =+B4+1 -> 45293 | D4: =+C4+1 -> 45294 | E4: =+D4+1 -> 45295 | F4: =+E4+1 -> 45296 | G4: =+F4+1 -> 45297 | H4: =+G4+1 -> 45298 | I4: =+H4+1 -> 45299 | J4: =+I4+1 -> 45300 | ... AF4: =+AE4+1 -> 45322
A6: JF | B6: Nouvel An
A7: VAC | B7: ABC | C7: ABC | D7: ABC | E7: ABC | F7: ABC | G7: ABC | H7: ABC
A8: H. ouv. Passerelle Hôtel | B8: 0.39583333 | C8: 0.39583333 | D8: 0.39583333 | E8: 0.39583333 | F8: 0.39583333 | G8: 0.39583333 | H8: 0.39583333 | I8: =I9 | J8: =J9 | K8: =K9 | L8: =L9 | M8: =M9 | N8: =N9 | O8: =O9 | P8: =P9 | ... AF8: =AF9
A9: H. ouv. Entrée du Parc | B9: 0.38541667 | C9: 0.38541667 | D9: 0.38541667 | E9: 0.38541667 | F9: 0.38541667 | G9: 0.38541667 | H9: 0.38541667 | I9: =IF(I10="","",I10-"0:15") | J9: =IF(J10="","",J10-"0:15") | K9: =IF(K10="","",K10-"0:15") | L9: =IF(L10="","",L10-"0:15") | M9: =IF(M10="","",M10-"0:15") | N9: =IF(N10="","",N10-"0:15") | O9: =IF(O10="","",O10-"0:15") | P9: =IF(P10="","",P10-"0:15") | ... AF9: =IF(AF10="","",AF10-"0:15")
A10: H. Ouv. | B10: 0.39583333 | C10: 0.39583333 | D10: 0.39583333 | E10: 0.39583333 | F10: 0.39583333 | G10: 0.39583333 | H10: 0.39583333
A11: H. Ferm | B11: =IF(B10="","",IF(B15=0,B14+"0:30",+B15+"0:30")) -> 0.91666667 | C11: =IF(C10="","",IF(C15=0,C14+"0:30",+C15+"0:30")) -> 0.91666667 | D11: =IF(D10="","",IF(D15=0,D14+"0:30",+D15+"0:30")) -> 0.91666667 | E11: =IF(E10="","",IF(E15=0,E14+"0:30",+E15+"0:30")) -> 0.91666667 | F11: =IF(F10="","",IF(F15=0,F14+"0:30",+F15+"0:30")) -> 0.91666667 | G11: =IF(G10="","",IF(G15=0,G14+"0:30",+G15+"0:30")) -> 0.91666667 | H11: =IF(H10="","",IF(H15=0,H14+"0:30",+H15+"0:30")) -> 0.77083333 | I11: =IF(I10="","",IF(I15=0,I14+"0:30",+I15+"0:30")) | ... AF11: =IF(AF10="","",IF(AF15=0,AF14+"0:30",+AF15+"0:30"))
A12: Ampl. Hor. | B12: =+IF(B10="","",(B11-B10)) -> 0.52083333 | C12: =+IF(C10="","",(C11-C10)) -> 0.52083333 | D12: =+IF(D10="","",(D11-D10)) -> 0.52083333 | E12: =+IF(E10="","",(E11-E10)) -> 0.52083333 | F12: =+IF(F10="","",(F11-F10)) -> 0.52083333 | G12: =+IF(G10="","",(G11-G10)) -> 0.52083333 | H12: =+IF(H10="","",(H11-H10)) -> 0.375 | I12: =+IF(I10="","",(I11-I10)) | ... AF12: =+IF(AF10="","",(AF11-AF10)) | AH12: =SUM(B12:AF12) -> 3.5
A14: 1er show | B14: 0.86458333 | C14: 0.86458333 | D14: 0.86458333 | E14: 0.86458333 | F14: 0.89583333 | G14: 0.89583333 | H14: 0.75
A15: 2nd show | B15: 0.89583333 | C15: 0.89583333 | D15: 0.89583333 | E15: 0.89583333
A16: Show Privatisé
A17: Nb 1er Show | B17: =+IF(B14<>"",1,0) -> 1 | C17: =+IF(C14<>"",1,0) -> 1 | D17: =+IF(D14<>"",1,0) -> 1 | E17: =+IF(E14<>"",1,0) -> 1 | F17: =+IF(F14<>"",1,0) -> 1 | G17: =+IF(G14<>"",1,0) -> 1 | H17: =+IF(H14<>"",1,0) -> 1 | I17: =+IF(I14<>"",1,0) -> 0 | ... AF17: =+IF(AF14<>"",1,0) -> 0
A18: Nb 2eme Show | B18: =+IF(B15<>"",1,0) -> 1 | C18: =+IF(C15<>"",1,0) -> 1 | D18: =+IF(D15<>"",1,0) -> 1 | E18: =+IF(E15<>"",1,0) -> 1 | F18: =+IF(F15<>"",1,0) -> 0 | G18: =+IF(G15<>"",1,0) -> 0 | H18: =+IF(H15<>"",1,0) -> 0 | I18: =+IF(I15<>"",1,0) -> 0 | ... AF18: =+IF(AF15<>"",1,0) -> 0
A19: Nb show privatisé | B19: =+IF(B16<>"",1,0) -> 0 | C19: =+IF(C16<>"",1,0) -> 0 | D19: =+IF(D16<>"",1,0) -> 0 | E19: =+IF(E16<>"",1,0) -> 0 | F19: =+IF(F16<>"",1,0) -> 0 | I19: =+IF(I16<>"",1,0) -> 0 | J19: =+IF(J16<>"",1,0) -> 0 | K19: =+IF(K16<>"",1,0) -> 0 | L19: =+IF(L16<>"",1,0) -> 0 | M19: =+IF(M16<>"",1,0) -> 0 | N19: =+IF(N16<>"",1,0) -> 0 | O19: =+IF(O16<>"",1,0) -> 0 | P19: =+IF(P16<>"",1,0) -> 0 | ... AF19: =+IF(AF16<>"",1,0) -> 0
A20: Nb Spectacles | B20: =IF(B14="","",SUM(B17:B19)) -> 2 | C20: =IF(C14="","",SUM(C17:C19)) -> 2 | D20: =IF(D14="","",SUM(D17:D19)) -> 2 | E20: =IF(E14="","",SUM(E17:E19)) -> 2 | F20: =IF(F14="","",SUM(F17:F19)) -> 1 | G20: =IF(G14="","",SUM(G17:G19)) -> 1 | H20: =IF(H14="","",SUM(H17:H19)) -> 1 | I20: =I19+I18+I17 -> 0 | J20: =J19+J18+J17 -> 0 | K20: =K19+K18+K17 -> 0 | L20: =L19+L18+L17 -> 0 | M20: =M19+M18+M17 -> 0 | N20: =N19+N18+N17 -> 0 | O20: =O19+O18+O17 -> 0 | P20: =P19+P18+P17 -> 0 | ... AF20: =AF19+AF18+AF17 -> 0 | AH20: =SUM(B20:AF20) -> 11
A22: Individuels cash | B22: 2100 | C22: 1900 | D22: 1600 | E22: 1600 | F22: 1200 | G22: 1300 | H22: 700 | AH22: =SUM(B22:AG22) -> 10400
A23: Individuels résa | B23: 6800 | C23: 5500 | D23: 7600 | E23: 7200 | F23: 4600 | G23: 4600 | H23: 1900 | AH23: =SUM(B23:AG23) -> 38200
A24: Total Individuels | B24: 8900 | C24: 7400 | D24: 9200 | E24: 8800 | F24: 5800 | G24: 5900 | H24: 2600 | I24: 0 | J24: 0 | K24: 0 | L24: 0 | M24: 0 | N24: 0 | O24: 0 | P24: 0 | Q24: 0 | R24: 0 | S24: 0 | T24: 0 | U24: 0 | V24: 0 | W24: 0 | X24: 0 | Y24: 0 | Z24: 0 | AA24: 0 | AB24: 0 | AC24: 0 | AD24: 0 | AE24: 0 | AF24: 0 | AH24: =SUM(B24:AG24) -> 48600
A25: Groupes Adultes | B25: 0 | C25: 20 | D25: 0 | E25: 30 | F25: 0 | G25: 20 | H25: 20 | AH25: =SUM(B25:AG25) -> 90
A26: Groupes Jeunes | B26: 0 | C26: 60 | D26: 140 | E26: 40 | F26: 160 | G26: 20 | H26: 0 | AH26: =SUM(B26:AG26) -> 420
A27: Groupes | B27: 0 | C27: 80 | D27: 140 | E27: 70 | F27: 160 | G27: 40 | H27: 20 | I27: 0 | J27: 0 | K27: 0 | L27: 0 | M27: 0 | N27: 0 | O27: 0 | P27: 0 | Q27: 0 | R27: 0 | S27: 0 | T27: 0 | U27: 0 | V27: 0 | W27: 0 | X27: 0 | Y27: 0 | Z27: 0 | AA27: 0 | AB27: 0 | AC27: 0 | AD27: 0 | AE27: 0 | AF27: 0 | AH27: =SUM(B27:AG27) -> 510
A28: Nocturnes | B28: 90 | C28: 70 | D28: 70 | E28: 70 | F28: 50 | G28: 40 | H28: 40 | AH28: =SUM(B28:AG28) -> 430
A29: Pass | B29: 160 | C29: 130 | D29: 150 | E29: 130 | F29: 90 | G29: 70 | H29: 70 | AH29: =SUM(B29:AG29) -> 800
A30: Tourisme d'Affaires | B30: 0 | C30: 0 | D30: 0 | E30: 0 | F30: 0 | G30: 0 | H30: 120 | I30: 600 | J30: 200 | K30: 0 | L30: 0 | M30: 0 | N30: 0 | O30: 0 | P30: 0 | Q30: 0 | R30: 0 | S30: 0 | T30: 0 | U30: 0 | V30: 0 | W30: 300 | X30: 400 | Y30: 0 | Z30: 0 | AA30: 0 | AB30: 0 | AC30: 0 | AD30: 0 | AE30: 0 | AF30: 0 | AH30: =SUM(B30:AG30) -> 1620
A31: Invités | B31: 300 | C31: 500 | D31: 500 | E31: 600 | F31: 400 | G31: 400 | H31: 400 | AH31: =SUM(B31:AG31) -> 3100
A32: Total Divers | B32: 550 | C32: 700 | D32: 720 | E32: 800 | F32: 540 | G32: 510 | H32: 630 | I32: 600 | J32: 200 | K32: 0 | L32: 0 | M32: 0 | N32: 0 | O32: 0 | P32: 0 | Q32: 0 | R32: 0 | S32: 0 | T32: 0 | U32: 0 | V32: 0 | W32: 300 | X32: 400 | Y32: 0 | Z32: 0 | AA32: 0 | AB32: 0 | AC32: 0 | AD32: 0 | AE32: 0 | AF32: 0 | AH32: =SUM(B32:AG32) -> 5950
A34: Fréquentation | B34: =+B32+B27+B24 -> 9450 | C34: =+C32+C27+C24 -> 8180 | D34: =+D32+D27+D24 -> 10060 | E34: =+E32+E27+E24 -> 9670 | F34: =+F32+F27+F24 -> 6500 | G34: =+G32+G27+G24 -> 6450 | H34: =+H32+H27+H24 -> 3250 | I34: =+I32+I27+I24 -> 600 | ... AF34: =+AF32+AF27+AF24 -> 0 | AH34: =SUM(B34:AF34) -> 55060
A37: Crépuscule civil | B37: 0.74722222 | C37: 0.74791667 | D37: 0.74861111 | E37: 0.74861111 | F37: 0.74930556 | G37: 0.75 | H37: 0.75069444 | I37: 0.75208333 | J37: 0.75277778 | K37: 0.75347222 | L37: 0.75416667 | M37: 0.75486111 | N37: 0.75555556 | O37: 0.75625 | P37: 0.75763889 | Q37: 0.75833333 | R37: 0.75902778 | S37: 0.75972222 | T37: 0.76111111 | U37: 0.76180556 | V37: 0.76319444 | W37: 0.76388889 | X37: 0.76458333 | Y37: 0.76527778 | Z37: 0.76666667 | AA37: 0.76736111 | AB37: 0.76805556 | AC37: 0.76944444 | AD37: 0.77013889 | AE37: 0.77152778 | AF37: 0.77222222
A38: Type Fréquentation | B38: =+IF(B34<=2500,"BF",IF(AND(B34>2500,B34<=6000),"MF",IF(AND(B34>6000,B34<12000),"HF","THF"))) -> HF | C38: =+IF(C34<=2500,"BF",IF(AND(C34>2500,C34<=6000),"MF",IF(AND(C34>6000,C34<12000),"HF","THF"))) -> HF | D38: =+IF(D34<=2500,"BF",IF(AND(D34>2500,D34<=6000),"MF",IF(AND(D34>6000,D34<12000),"HF","THF"))) -> HF | E38: =+IF(E34<=2500,"BF",IF(AND(E34>2500,E34<=6000),"MF",IF(AND(E34>6000,E34<12000),"HF","THF"))) -> HF | F38: =+IF(F34<=2500,"BF",IF(AND(F34>2500,F34<=6000),"MF",IF(AND(F34>6000,F34<12000),"HF","THF"))) -> HF | G38: =+IF(G34<=2500,"BF",IF(AND(G34>2500,G34<=6000),"MF",IF(AND(G34>6000,G34<12000),"HF","THF"))) -> HF | H38: =+IF(H34<=2500,"BF",IF(AND(H34>2500,H34<=6000),"MF",IF(AND(H34>6000,H34<12000),"HF","THF"))) -> MF | I38: =+IF(I34<=2500,"BF",IF(AND(I34>2500,I34<=6000),"MF",IF(AND(I34>6000,I34<12000),"HF","THF"))) -> BF | ... AF38: =+IF(AF34<=2500,"BF",IF(AND(AF34>2500,AF34<=6000),"MF",IF(AND(AF34>6000,AF34<12000),"HF","THF"))) -> BF
B41: =+B34-B30 -> 9450 | C41: =+C34-C30 -> 8180 | D41: =+D34-D30 -> 10060 | E41: =+E34-E30 -> 9670 | F41: =+F34-F30 -> 6500 | G41: =+G34-G30 -> 6450 | H41: =+H34-H30 -> 3130 | I41: =+I34-I30 -> 0 | ... AE41: =+AE34-AE30 -> 0
B42: =+B32-B30 -> 550 | C42: =+C32-C30 -> 700 | D42: =+D32-D30 -> 720 | E42: =+E32-E30 -> 800 | F42: =+F32-F30 -> 540 | G42: =+G32-G30 -> 510 | H42: =+H32-H30 -> 510 | I42: =+I32-I30 -> 0 | ... AF42: =+AF32-AF30 -> 0
B44: =IF(B9="",0,1) -> 1 | C44: =IF(C9="",0,1) -> 1 | D44: =IF(D9="",0,1) -> 1 | E44: =IF(E9="",0,1) -> 1 | F44: =IF(F9="",0,1) -> 1 | G44: =IF(G9="",0,1) -> 1 | H44: =IF(H9="",0,1) -> 1 | I44: =IF(I9="",0,1) -> 0 | ... AF44: =IF(AF9="",0,1) -> 0 | AH44: =SUM(B44:AF44) -> 7
A45: Early acces

Sheet Fevrier
A1: 45323 | B1: HORAIRES ET PREVISIONS DE FREQUENTATION
A3: Jour | B3: =+A1 -> 45323 | C3: =+B3+1 -> 45324 | D3: =+C3+1 -> 45325 | E3: =+D3+1 -> 45326 | F3: =+E3+1 -> 45327 | G3: =+F3+1 -> 45328 | H3: =+G3+1 -> 45329 | I3: =+H3+1 -> 45330 | J3: =+I3+1 -> 45331 | ... AD3: =+AC3+1 -> 45351
A4: Date | B4: =+A1 -> 45323 | C4: =+B4+1 -> 45324 | D4: =+C4+1 -> 45325 | E4: =+D4+1 -> 45326 | F4: =+E4+1 -> 45327 | G4: =+F4+1 -> 45328 | H4: =+G4+1 -> 45329 | I4: =+H4+1 -> 45330 | J4: =+I4+1 -> 45331 | ... AD4: =+AC4+1 -> 45351
A6: JF
A7: VAC | K7: C | L7: C | M7: C | N7: C | O7: C | P7: C | Q7: C | R7: AC | S7: AC | T7: AC | U7: AC | V7: AC | W7: AC | X7: AC | Y7: ABC | Z7: ABC | AA7: AB | AB7: AB | AC7: AB | AD7: AB
A8: H. ouv. Passerelle Hôtel | B8: =B9 | C8: =C9 | D8: =D9 | E8: =E9 | F8: =F9 | G8: =G9 | H8: =H9 | I8: =I9 | J8: =J9 | K8: 0.40625 | L8: 0.40625 | M8: 0.40625 | N8: 0.40625 | O8: 0.40625 | P8: 0.40625 | Q8: 0.40625 | R8: 0.40625 | S8: 0.40625 | T8: 0.40625 | U8: 0.40625 | V8: 0.40625 | W8: 0.40625 | X8: 0.40625 | Y8: 0.40625 | Z8: 0.40625 | AA8: 0.40625 | AB8: 0.40625 | AC8: 0.40625 | AD8: 0.40625 | AE8: =AE9 | AF8: =AF9 | AG8: =AG9 -> 0.40625
A9: H. ouv. Entrée du Parc | B9: =IF(B10="","",B10-"0:15") | C9: =IF(C10="","",C10-"0:15") | D9: =IF(D10="","",D10-"0:15") | E9: =IF(E10="","",E10-"0:15") | F9: =IF(F10="","",F10-"0:15") | G9: =IF(G10="","",G10-"0:15") | H9: =IF(H10="","",H10-"0:15") | I9: =IF(I10="","",I10-"0:15") | J9: =IF(J10="","",J10-"0:15") | K9: 0.39583333 | L9: 0.39583333 | M9: 0.39583333 | N9: 0.39583333 | O9: 0.39583333 | P9: 0.39583333 | Q9: 0.39583333 | R9: 0.39583333 | S9: 0.39583333 | T9: 0.39583333 | U9: 0.39583333 | V9: 0.39583333 | W9: 0.39583333 | X9: 0.39583333 | Y9: 0.39583333 | Z9: 0.39583333 | AA9: 0.39583333 | AB9: 0.39583333 | AC9: 0.39583333 | AD9: 0.39583333 | AE9: =IF(AE10="","",AE10-"0:15") | AF9: =IF(AF10="","",AF10-"0:15") | AG9: =IF(AG10="","",AG10-"0:15") -> 0.40625
A10: H. Ouv. | K10: 0.40625 | L10: 0.40625 | M10: 0.40625 | N10: 0.40625 | O10: 0.40625 | P10: 0.40625 | Q10: 0.40625 | R10: 0.40625 | S10: 0.40625 | T10: 0.40625 | U10: 0.40625 | V10: 0.40625 | W10: 0.40625 | X10: 0.40625 | Y10: 0.40625 | Z10: 0.40625 | AA10: 0.40625 | AB10: 0.40625 | AC10: 0.40625 | AD10: 0.40625 | AG10: 0.41666667 | AH10: 0.41666667 | AI10: 0.41666667 | AJ10: 0.41666667 | AK10: 0.41666667 | AL10: 0.41666667 | AM10: 0.41666667 | AN10: 0.41666667 | AO10: 0.41666667 | AS10: =SUM(B10:AQ10) -> 11.875
A11: H. Ferm | B11: =IF(B10="","",IF(B15=0,B14+"0:30",+B15+"0:30")) | C11: =IF(C10="","",IF(C15=0,C14+"0:30",+C15+"0:30")) | D11: =IF(D10="","",IF(D15=0,D14+"0:30",+D15+"0:30")) | E11: =IF(E10="","",IF(E15=0,E14+"0:30",+E15+"0:30")) | F11: =IF(F10="","",IF(F15=0,F14+"0:30",+F15+"0:30")) | G11: =IF(G10="","",IF(G15=0,G14+"0:30",+G15+"0:30")) | H11: =IF(H10="","",IF(H15=0,H14+"0:30",+H15+"0:30")) | I11: =IF(I10="","",IF(I15=0,I14+"0:30",+I15+"0:30")) | ... AF11: =IF(AF10="","",IF(AF15=0,AF14+"0:30",+AF15+"0:30"))
A12: Ampl. Hor. | B12: =+IF(B10="","",(B11-B10)) | C12: =+IF(C10="","",(C11-C10)) | D12: =+IF(D10="","",(D11-D10)) | E12: =+IF(E10="","",(E11-E10)) | F12: =+IF(F10="","",(F11-F10)) | G12: =+IF(G10="","",(G11-G10)) | H12: =+IF(H10="","",(H11-H10)) | I12: =+IF(I10="","",(I11-I10)) | ... AD12: =+IF(AD10="","",(AD11-AD10)) -> 0.48958333 | AF12: =SUM(A12:AD12) -> 9.7916667
A14: 1er show | K14: 0.875 | L14: 0.875 | M14: 0.875 | N14: 0.875 | O14: 0.875 | P14: 0.875 | Q14: 0.875 | R14: 0.875 | S14: 0.875 | T14: 0.875 | U14: 0.875 | V14: 0.875 | W14: 0.875 | X14: 0.875 | Y14: 0.875 | Z14: 0.875 | AA14: 0.875 | AB14: 0.875 | AC14: 0.875 | AD14: 0.875
A15: 2nd show
A16: Show Privatisé
A17: Nb 1er Show | B17: =COUNTIF(B14,">0") -> 0 | C17: =COUNTIF(C14,">0") -> 0 | D17: =COUNTIF(D14,">0") -> 0 | E17: =COUNTIF(E14,">0") -> 0 | F17: =COUNTIF(F14,">0") -> 0 | G17: =COUNTIF(G14,">0") -> 0 | H17: =COUNTIF(H14,">0") -> 0 | I17: =COUNTIF(I14,">0") -> 0 | ... AD17: =COUNTIF(AD14,">0") -> 1
A18: Nb 2eme Show | B18: =COUNTIF(B15,">0") -> 0 | C18: =COUNTIF(C15,">0") -> 0 | D18: =COUNTIF(D15,">0") -> 0 | E18: =COUNTIF(E15,">0") -> 0 | F18: =COUNTIF(F15,">0") -> 0 | G18: =COUNTIF(G15,">0") -> 0 | H18: =COUNTIF(H15,">0") -> 0 | I18: =COUNTIF(I15,">0") -> 0 | ... AD18: =COUNTIF(AD15,">0") -> 0
A19: Nb show privatisé | B19: =COUNTIF(B16,">0") -> 0 | C19: =COUNTIF(C16,">0") -> 0 | D19: =COUNTIF(D16,">0") -> 0 | E19: =COUNTIF(E16,">0") -> 0 | F19: =COUNTIF(F16,">0") -> 0 | G19: =COUNTIF(G16,">0") -> 0 | H19: =COUNTIF(H16,">0") -> 0 | I19: =COUNTIF(I16,">0") -> 0 | ... AD19: =COUNTIF(AD16,">0") -> 0
A20: Nb Spectacles | B20: =IF(B14="","",SUM(B17:B19)) | C20: =IF(C14="","",SUM(C17:C19)) | D20: =IF(D14="","",SUM(D17:D19)) | E20: =IF(E14="","",SUM(E17:E19)) | F20: =IF(F14="","",SUM(F17:F19)) | G20: =IF(G14="","",SUM(G17:G19)) | H20: =IF(H14="","",SUM(H17:H19)) | I20: =IF(I14="","",SUM(I17:I19)) | ... AD20: =IF(AD14="","",SUM(AD17:AD19)) -> 1 | AF20: =SUM(A20:AD20) -> 20
A22: Individuels cash | K22: 800 | L22: 800 | M22: 500 | N22: 600 | O22: 500 | P22: 600 | Q22: 600 | R22: 1700 | S22: 1400 | T22: 1100 | U22: 1100 | V22: 1100 | W22: 1200 | X22: 1100 | Y22: 1800 | Z22: 1500 | AA22: 1400 | AB22: 1400 | AC22: 1200 | AD22: 1000 | AF22: =SUM(B22:AD22) -> 21400
A23: Individuels résa | K23: 3100 | L23: 2800 | M23: 2100 | N23: 2400 | O23: 2300 | P23: 2300 | Q23: 2400 | R23: 5300 | S23: 4600 | T23: 5000 | U23: 6000 | V23: 5100 | W23: 4300 | X23: 3500 | Y23: 6000 | Z23: 5000 | AA23: 6000 | AB23: 6300 | AC23: 5400 | AD23: 5000 | AF23: =SUM(B23:AD23) -> 84900
A24: Total Individuels | B24: 0 | C24: 0 | D24: 0 | E24: 0 | F24: 0 | G24: 0 | H24: 0 | I24: 0 | J24: 0 | K24: 3900 | L24: 3600 | M24: 2600 | N24: 3000 | O24: 2800 | P24: 2900 | Q24: 3000 | R24: 7000 | S24: 6000 | T24: 6100 | U24: 7100 | V24: 6200 | W24: 5500 | X24: 4600 | Y24: 7800 | Z24: 6500 | AA24: 7400 | AB24: 7700 | AC24: 6600 | AD24: 6000 | AF24: =SUM(B24:AD24) -> 106300
A25: Groupes Adultes | K25: 180 | L25: 100 | M25: 40 | N25: 0 | O25: 0 | P25: 0 | Q25: 0 | R25: 440 | S25: 440 | T25: 60 | U25: 140 | V25: 130 | W25: 140 | X25: 0 | Y25: 410 | Z25: 400 | AA25: 30 | AB25: 0 | AC25: 0 | AD25: 0 | AF25: =SUM(B25:AD25) -> 2510
A26: Groupes Jeunes | K26: 90 | L26: 330 | M26: 320 | N26: 360 | O26: 430 | P26: 660 | Q26: 130 | R26: 270 | S26: 0 | T26: 80 | U26: 100 | V26: 280 | W26: 250 | X26: 150 | Y26: 50 | Z26: 200 | AA26: 50 | AB26: 160 | AC26: 210 | AD26: 470 | AF26: =SUM(B26:AD26) -> 4590
A27: Groupes | B27: 0 | C27: 0 | D27: 0 | E27: 0 | F27: 0 | G27: 0 | H27: 0 | I27: 0 | J27: 0 | K27: 270 | L27: 430 | M27: 360 | N27: 360 | O27: 430 | P27: 660 | Q27: 130 | R27: 710 | S27: 440 | T27: 140 | U27: 240 | V27: 410 | W27: 390 | X27: 150 | Y27: 460 | Z27: 600 | AA27: 80 | AB27: 160 | AC27: 210 | AD27: 470 | AF27: =SUM(B27:AD27) -> 7100
A28: Nocturnes | K28: 40 | L28: 70 | M28: 30 | N28: 30 | O28: 30 | P28: 20 | Q28: 30 | R28: 40 | S28: 60 | T28: 30 | U28: 40 | V28: 40 | W28: 40 | X28: 50 | Y28: 40 | Z28: 50 | AA28: 30 | AB28: 20 | AC28: 10 | AD28: 10 | AF28: =SUM(B28:AD28) -> 710
A29: Pass | K29: 140 | L29: 240 | M29: 100 | N29: 90 | O29: 90 | P29: 80 | Q29: 90 | R29: 130 | S29: 200 | T29: 90 | U29: 130 | V29: 130 | W29: 150 | X29: 160 | Y29: 170 | Z29: 170 | AA29: 90 | AB29: 60 | AC29: 40 | AD29: 50 | AF29: =SUM(B29:AD29) -> 2400
A30: Tourisme d'Affaires | B30: 0 | C30: 100 | D30: 0 | E30: 0 | F30: 0 | G30: 0 | H30: 400 | I30: 0 | J30: 0 | K30: 0 | L30: 0 | M30: 0 | N30: 0 | O30: 0 | P30: 115 | Q30: 0 | R30: 0 | S30: 0 | T30: 0 | U30: 0 | V30: 0 | W30: 0 | X30: 0 | Y30: 0 | Z30: 0 | AA30: 0 | AB30: 0 | AC30: 80 | AD30: 35 | AF30: =SUM(B30:AD30) -> 730
A31: Invités | K31: 400 | L31: 90 | M31: 40 | N31: 350 | O31: 40 | P31: 90 | Q31: 350 | R31: 290 | S31: 110 | T31: 300 | U31: 60 | V31: 410 | W31: 120 | X31: 630 | Y31: 170 | Z31: 120 | AA31: 100 | AB31: 340 | AC31: 110 | AD31: 450 | AF31: =SUM(B31:AD31) -> 4570
A32: Total Divers | B32: 0 | C32: 100 | D32: 0 | E32: 0 | F32: 0 | G32: 0 | H32: 400 | I32: 0 | J32: 0 | K32: 580 | L32: 400 | M32: 170 | N32: 470 | O32: 160 | P32: 305 | Q32: 470 | R32: 460 | S32: 370 | T32: 420 | U32: 230 | V32: 580 | W32: 310 | X32: 840 | Y32: 380 | Z32: 340 | AA32: 220 | AB32: 420 | AC32: 240 | AD32: 545 | AF32: =SUM(B32:AD32) -> 8410
A34: Fréquentation | B34: =+B32+B27+B24 -> 0 | C34: =+C32+C27+C24 -> 100 | D34: =+D32+D27+D24 -> 0 | E34: =+E32+E27+E24 -> 0 | F34: =+F32+F27+F24 -> 0 | G34: =+G32+G27+G24 -> 0 | H34: =+H32+H27+H24 -> 400 | I34: =+I32+I27+I24 -> 0 | ... AD34: =+AD32+AD27+AD24 -> 7015 | AF34: =+AF32+AF27+AF24 -> 121810 | AG34: =SUM(B34:AE34) -> 121810
A37: Crépuscule civil | B37: 0.77291667 | C37: 0.77430556 | D37: 0.775 | E37: 0.77638889 | F37: 0.77708333 | G37: 0.77847222 | H37: 0.77916667 | I37: 0.77986111 | J37: 0.78125 | K37: 0.78194444 | L37: 0.78333333 | M37: 0.78402778 | N37: 0.78541667 | O37: 0.78611111 | P37: 0.78680556 | Q37: 0.78819444 | R37: 0.78888889 | S37: 0.79027778 | T37: 0.79097222 | U37: 0.79236111 | V37: 0.79305556 | W37: 0.79375 | X37: 0.79513889 | Y37: 0.79583333 | Z37: 0.79722222 | AA37: 0.79791667 | AB37: 0.79930556 | AC37: 0.8 | AD37: 0.80069444
A38: Type Fréquentation | B38: =+IF(B34<=2500,"BF",IF(AND(B34>2500,B34<=6000),"MF",IF(AND(B34>6000,B34<12000),"HF","THF"))) -> BF | C38: =+IF(C34<=2500,"BF",IF(AND(C34>2500,C34<=6000),"MF",IF(AND(C34>6000,C34<12000),"HF","THF"))) -> BF | D38: =+IF(D34<=2500,"BF",IF(AND(D34>2500,D34<=6000),"MF",IF(AND(D34>6000,D34<12000),"HF","THF"))) -> BF | E38: =+IF(E34<=2500,"BF",IF(AND(E34>2500,E34<=6000),"MF",IF(AND(E34>6000,E34<12000),"HF","THF"))) -> BF | F38: =+IF(F34<=2500,"BF",IF(AND(F34>2500,F34<=6000),"MF",IF(AND(F34>6000,F34<12000),"HF","THF"))) -> BF | G38: =+IF(G34<=2500,"BF",IF(AND(G34>2500,G34<=6000),"MF",IF(AND(G34>6000,G34<12000),"HF","THF"))) -> BF | H38: =+IF(H34<=2500,"BF",IF(AND(H34>2500,H34<=6000),"MF",IF(AND(H34>6000,H34<12000),"HF","THF"))) -> BF | I38: =+IF(I34<=2500,"BF",IF(AND(I34>2500,I34<=6000),"MF",IF(AND(I34>6000,I34<12000),"HF","THF"))) -> BF | ... AD38: =+IF(AD34<=2500,"BF",IF(AND(AD34>2500,AD34<=6000),"MF",IF(AND(AD34>6000,AD34<12000),"HF","THF"))) -> HF | AG38: =+IF(AG34<=2500,"BF",IF(AND(AG34>2500,AG34<=6000),"MF",IF(AND(AG34>6000,AG34<12000),"HF","THF"))) -> THF
B41: =+B34-B30 -> 0 | C41: =+C34-C30 -> 0 | D41: =+D34-D30 -> 0 | E41: =+E34-E30 -> 0 | F41: =+F34-F30 -> 0 | G41: =+G34-G30 -> 0 | H41: =+H34-H30 -> 0 | I41: =+I34-I30 -> 0 | ... AD41: =+AD34-AD30 -> 6980
B42: =+B32-B30 -> 0 | C42: =+C32-C30 -> 0 | D42: =+D32-D30 -> 0 | E42: =+E32-E30 -> 0 | F42: =+F32-F30 -> 0 | G42: =+G32-G30 -> 0 | H42: =+H32-H30 -> 0 | I42: =+I32-I30 -> 0 | ... AD42: =+AD32-AD30 -> 510
B44: =IF(B9="",0,1) -> 0 | C44: =IF(C9="",0,1) -> 0 | D44: =IF(D9="",0,1) -> 0 | E44: =IF(E9="",0,1) -> 0 | F44: =IF(F9="",0,1) -> 0 | G44: =IF(G9="",0,1) -> 0 | H44: =IF(H9="",0,1) -> 0 | I44: =IF(I9="",0,1) -> 0 | ... AE44: =IF(AE9="",0,1) -> 0 | AF44: =SUM(B44:AE44) -> 20 | AG44: =IF(AG9="",0,1) -> 1 | AH44: =SUM(B44:AF44) -> 40
A45: Early acces | AG45: =AG46 -> 0

Sheet Mars
A1: 45352 | B1: HORAIRES ET PREVISIONS DE FREQUENTATION
A3: Jour | B3: =+A1 -> 45352 | C3: =+B3+1 -> 45353 | D3: =+C3+1 -> 45354 | E3: =+D3+1 -> 45355 | F3: =+E3+1 -> 45356 | G3: =+F3+1 -> 45357 | H3: =+G3+1 -> 45358 | I3: =+H3+1 -> 45359 | J3: =+I3+1 -> 45360 | ... AF3: =+AE3+1 -> 45382
A4: Date | B4: =+A1 -> 45352 | C4: =+B4+1 -> 45353 | D4: =+C4+1 -> 45354 | E4: =+D4+1 -> 45355 | F4: =+E4+1 -> 45356 | G4: =+F4+1 -> 45357 | H4: =+G4+1 -> 45358 | I4: =+H4+1 -> 45359 | J4: =+I4+1 -> 45360 | ... AF4: =+AE4+1 -> 45382
A6: JF | AE6: Pâques | AF6: Pâques
A7: VAC | B7: AB | C7: AB | D7: AB | E7: B | F7: B | G7: B | H7: B | I7: B | J7: B | K7: B
A8: H. ouv. Passerelle Hôtel | B8: 0.40625 | C8: 0.40625 | D8: 0.40625 | E8: 0.40625 | F8: 0.40625 | G8: 0.40625 | H8: 0.40625 | I8: 0.40625 | J8: 0.40625 | K8: 0.40625 | L8: 0.41666667 | M8: 0.41666667 | N8: 0.41666667 | O8: 0.41666667 | P8: 0.41666667 | Q8: 0.36458333 | R8: 0.36458333 | S8: 0.41666667 | T8: 0.41666667 | U8: 0.41666667 | V8: 0.41666667 | W8: 0.41666667 | X8: 0.36458333 | Y8: 0.36458333 | Z8: 0.41666667 | AA8: 0.41666667 | AB8: 0.41666667 | AC8: 0.41666667 | AD8: 0.41666667 | AE8: 0.34375 | AF8: 0.34375
A9: H. ouv. Entrée du Parc | B9: 0.39583333 | C9: 0.39583333 | D9: 0.39583333 | E9: 0.39583333 | F9: 0.39583333 | G9: 0.39583333 | H9: 0.39583333 | I9: 0.39583333 | J9: 0.39583333 | K9: 0.39583333 | L9: 0.40625 | M9: 0.40625 | N9: 0.40625 | O9: 0.40625 | P9: 0.40625 | Q9: 0.39583333 | R9: 0.39583333 | S9: 0.40625 | T9: 0.40625 | U9: 0.40625 | V9: 0.40625 | W9: 0.40625 | X9: 0.39583333 | Y9: 0.39583333 | Z9: 0.40625 | AA9: 0.40625 | AB9: 0.40625 | AC9: 0.40625 | AD9: 0.40625 | AE9: 0.375 | AF9: 0.375
A10: H. Ouv. | B10: 0.40625 | C10: 0.40625 | D10: 0.40625 | E10: 0.40625 | F10: 0.40625 | G10: 0.40625 | H10: 0.40625 | I10: 0.40625 | J10: 0.40625 | K10: 0.40625 | L10: 0.41666667 | M10: 0.41666667 | N10: 0.41666667 | O10: 0.41666667 | P10: 0.41666667 | Q10: 0.39583333 | R10: 0.39583333 | S10: 0.41666667 | T10: 0.41666667 | U10: 0.41666667 | V10: 0.41666667 | W10: 0.41666667 | X10: 0.39583333 | Y10: 0.39583333 | Z10: 0.41666667 | AA10: 0.41666667 | AB10: 0.41666667 | AC10: 0.41666667 | AD10: 0.41666667 | AE10: 0.375 | AF10: 0.375
A11: H. Ferm | B11: =IF(B10="","",IF(B15=0,B14+"0:30",+B15+"0:30")) -> 0.89583333 | C11: =IF(C10="","",IF(C15=0,C14+"0:30",+C15+"0:30")) -> 0.89583333 | D11: =IF(D10="","",IF(D15=0,D14+"0:30",+D15+"0:30")) -> 0.89583333 | E11: =IF(E10="","",IF(E15=0,E14+"0:30",+E15+"0:30")) -> 0.89583333 | F11: =IF(F10="","",IF(F15=0,F14+"0:30",+F15+"0:30")) -> 0.89583333 | G11: =IF(G10="","",IF(G15=0,G14+"0:30",+G15+"0:30")) -> 0.89583333 | H11: =IF(H10="","",IF(H15=0,H14+"0:30",+H15+"0:30")) -> 0.89583333 | I11: =IF(I10="","",IF(I15=0,I14+"0:30",+I15+"0:30")) -> 0.89583333 | ... AF11: =IF(AF10="","",IF(AF15=0,AF14+"0:30",+AF15+"0:30")) -> 0.94791667
A12: Ampl. Hor. | B12: =+IF(B10="","",(B11-B10)) -> 0.48958333 | C12: =+IF(C10="","",(C11-C10)) -> 0.48958333 | D12: =+IF(D10="","",(D11-D10)) -> 0.48958333 | E12: =+IF(E10="","",(E11-E10)) -> 0.48958333 | F12: =+IF(F10="","",(F11-F10)) -> 0.48958333 | G12: =+IF(G10="","",(G11-G10)) -> 0.48958333 | H12: =+IF(H10="","",(H11-H10)) -> 0.48958333 | I12: =+IF(I10="","",(I11-I10)) -> 0.48958333 | ... AF12: =+IF(AF10="","",(AF11-AF10)) -> 0.57291667 | AH12: =SUM(B12:AF12) -> 14.9375
A14: 1er show | B14: 0.875 | C14: 0.875 | D14: 0.875 | E14: 0.875 | F14: 0.875 | G14: 0.875 | H14: 0.875 | I14: 0.875 | J14: 0.875 | K14: 0.875 | L14: 0.85416667 | M14: 0.85416667 | N14: 0.85416667 | O14: 0.85416667 | P14: 0.85416667 | Q14: 0.89583333 | R14: 0.86458333 | S14: 0.85416667 | T14: 0.85416667 | U14: 0.85416667 | V14: 0.85416667 | W14: 0.85416667 | X14: 0.86458333 | Y14: 0.86458333 | Z14: 0.85416667 | AA14: 0.85416667 | AB14: 0.85416667 | AC14: 0.85416667 | AD14: 0.85416667 | AE14: 0.89583333 | AF14: 0.89583333
A15: 2nd show | X15: 0.89583333 | AE15: 0.92708333 | AF15: 0.92708333
A16: Show Privatisé
A17: Nb 1er Show | B17: =COUNTIF(B14,">0") -> 1 | C17: =COUNTIF(C14,">0") -> 1 | D17: =COUNTIF(D14,">0") -> 1 | E17: =COUNTIF(E14,">0") -> 1 | F17: =COUNTIF(F14,">0") -> 1 | G17: =COUNTIF(G14,">0") -> 1 | H17: =COUNTIF(H14,">0") -> 1 | I17: =COUNTIF(I14,">0") -> 1 | ... AF17: =COUNTIF(AF14,">0") -> 1
A18: Nb 2eme Show | B18: =COUNTIF(B15,">0") -> 0 | C18: =COUNTIF(C15,">0") -> 0 | D18: =COUNTIF(D15,">0") -> 0 | E18: =COUNTIF(E15,">0") -> 0 | F18: =COUNTIF(F15,">0") -> 0 | G18: =COUNTIF(G15,">0") -> 0 | H18: =COUNTIF(H15,">0") -> 0 | I18: =COUNTIF(I15,">0") -> 0 | ... AF18: =COUNTIF(AF15,">0") -> 1
A19: Nb show privatisé | B19: =COUNTIF(B16,">0") -> 0 | C19: =COUNTIF(C16,">0") -> 0 | D19: =COUNTIF(D16,">0") -> 0 | E19: =COUNTIF(E16,">0") -> 0 | F19: =COUNTIF(F16,">0") -> 0 | G19: =COUNTIF(G16,">0") -> 0 | H19: =COUNTIF(H16,">0") -> 0 | I19: =COUNTIF(I16,">0") -> 0 | ... AF19: =COUNTIF(AF16,">0") -> 0
A20: Nb Spectacles | B20: =SUM(B17:B19) -> 1 | C20: =SUM(C17:C19) -> 1 | D20: =SUM(D17:D19) -> 1 | E20: =SUM(E17:E19) -> 1 | F20: =SUM(F17:F19) -> 1 | G20: =SUM(G17:G19) -> 1 | H20: =SUM(H17:H19) -> 1 | I20: =SUM(I17:I19) -> 1 | ... AF20: =SUM(AF17:AF19) -> 2 | AH20: =SUM(B20:AF20) -> 34
A22: Individuels cash | B22: 800 | C22: 1500 | D22: 900 | E22: 1000 | F22: 1200 | G22: 900 | H22: 900 | I22: 900 | J22: 1500 | K22: 1300 | L22: 200 | M22: 200 | N22: 200 | O22: 200 | P22: 200 | Q22: 1700 | R22: 1400 | S22: 200 | T22: 200 | U22: 200 | V22: 200 | W22: 200 | X22: 2700 | Y22: 1800 | Z22: 200 | AA22: 200 | AB22: 200 | AC22: 200 | AD22: 400 | AE22: 2300 | AF22: 2200 | AH22: =SUM(B22:AG22) -> 26200
A23: Individuels résa | B23: 4000 | C23: 5400 | D23: 3800 | E23: 4200 | F23: 5200 | G23: 4600 | H23: 4300 | I23: 3600 | J23: 5000 | K23: 3100 | L23: 900 | M23: 800 | N23: 550 | O23: 600 | P23: 1200 | Q23: 5200 | R23: 3700 | S23: 800 | T23: 700 | U23: 550 | V23: 600 | W23: 1100 | X23: 5800 | Y23: 3800 | Z23: 1200 | AA23: 1100 | AB23: 800 | AC23: 1200 | AD23: 2500 | AE23: 5500 | AF23: 5500 | AH23: =SUM(B23:AG23) -> 87300
A24: Total Individuels | B24: 4800 | C24: 6900 | D24: 4700 | E24: 5200 | F24: 6400 | G24: 5500 | H24: 5200 | I24: 4500 | J24: 6500 | K24: 4400 | L24: 1100 | M24: 1000 | N24: 750 | O24: 800 | P24: 1400 | Q24: 6900 | R24: 5100 | S24: 1000 | T24: 900 | U24: 750 | V24: 800 | W24: 1300 | X24: 8500 | Y24: 5600 | Z24: 1400 | AA24: 1300 | AB24: 1000 | AC24: 1400 | AD24: 2900 | AE24: 7800 | AF24: 7700 | AH24: =SUM(B24:AG24) -> 113500
A25: Groupes Adultes | B25: 0 | C25: 1080 | D25: 1080 | E25: 50 | F25: 60 | G25: 50 | H25: 0 | I25: 30 | J25: 720 | K25: 640 | L25: 0 | M25: 0 | N25: 20 | O25: 130 | P25: 50 | Q25: 1200 | R25: 820 | S25: 30 | T25: 30 | U25: 30 | V25: 50 | W25: 50 | X25: 1800 | Y25: 1400 | Z25: 0 | AA25: 0 | AB25: 0 | AC25: 110 | AD25: 90 | AE25: 260 | AF25: 300 | AH25: =SUM(B25:AG25) -> 10080
A26: Groupes Jeunes | B26: 140 | C26: 0 | D26: 0 | E26: 130 | F26: 130 | G26: 140 | H26: 660 | I26: 680 | J26: 100 | K26: 50 | L26: 130 | M26: 450 | N26: 590 | O26: 1100 | P26: 1440 | Q26: 440 | R26: 190 | S26: 810 | T26: 590 | U26: 1130 | V26: 1530 | W26: 1180 | X26: 110 | Y26: 420 | Z26: 540 | AA26: 650 | AB26: 640 | AC26: 1280 | AD26: 950 | AE26: 0 | AF26: 0 | AH26: =SUM(B26:AG26) -> 16200
A27: Groupes | B27: 140 | C27: 1080 | D27: 1080 | E27: 180 | F27: 190 | G27: 190 | H27: 660 | I27: 710 | J27: 820 | K27: 690 | L27: 130 | M27: 450 | N27: 610 | O27: 1230 | P27: 1490 | Q27: 1640 | R27: 1010 | S27: 840 | T27: 620 | U27: 1160 | V27: 1580 | W27: 1230 | X27: 1910 | Y27: 1820 | Z27: 540 | AA27: 650 | AB27: 640 | AC27: 1390 | AD27: 1040 | AE27: 260 | AF27: 300 | AH27: =SUM(B27:AG27) -> 26280
A28: Nocturnes | B28: 10 | C28: 40 | D28: 50 | E28: 10 | F28: 20 | G28: 20 | H28: 20 | I28: 20 | J28: 50 | K28: 50 | L28: 10 | M28: 20 | N28: 20 | O28: 10 | P28: 10 | Q28: 50 | R28: 60 | S28: 10 | T28: 10 | U28: 20 | V28: 20 | W28: 20 | X28: 40 | Y28: 50 | Z28: 20 | AA28: 20 | AB28: 20 | AC28: 20 | AD28: 20 | AE28: 70 | AF28: 130 | AH28: =SUM(B28:AG28) -> 940
A29: Pass | B29: 40 | C29: 140 | D29: 180 | E29: 40 | F29: 60 | G29: 80 | H29: 60 | I29: 80 | J29: 140 | K29: 200 | L29: 20 | M29: 40 | N29: 40 | O29: 20 | P29: 20 | Q29: 90 | R29: 110 | S29: 20 | T29: 20 | U29: 40 | V29: 30 | W29: 40 | X29: 80 | Y29: 90 | Z29: 30 | AA29: 30 | AB29: 40 | AC29: 30 | AD29: 40 | AE29: 140 | AF29: 250 | AH29: =SUM(B29:AG29) -> 2240
A30: Tourisme d'Affaires | B30: 0 | C30: 0 | D30: 0 | E30: 0 | F30: 0 | G30: 150 | H30: 0 | I30: 0 | J30: 0 | K30: 0 | L30: 0 | M30: 38 | N30: 50 | O30: 0 | P30: 0 | Q30: 580 | R30: 45 | S30: 0 | T30: 20 | U30: 30 | V30: 16 | W30: 16 | X30: 0 | Y30: 0 | Z30: 12 | AA30: 27 | AB30: 74 | AC30: 230 | AD30: 0 | AE30: 0 | AF30: 0 | AH30: =SUM(B30:AG30) -> 1288
A31: Invités | B31: 360 | C31: 150 | D31: 120 | E31: 80 | F31: 90 | G31: 400 | H31: 100 | I31: 400 | J31: 90 | K31: 90 | L31: 120 | M31: 40 | N31: 80 | O31: 60 | P31: 50 | Q31: 400 | R31: 250 | S31: 50 | T31: 20 | U31: 30 | V31: 80 | W31: 70 | X31: 330 | Y31: 200 | Z31: 60 | AA31: 60 | AB31: 40 | AC31: 80 | AD31: 60 | AE31: 250 | AF31: 400 | AH31: =SUM(B31:AG31) -> 4610
A32: Total Divers | B32: 410 | C32: 330 | D32: 350 | E32: 130 | F32: 170 | G32: 650 | H32: 180 | I32: 500 | J32: 280 | K32: 340 | L32: 150 | M32: 138 | N32: 190 | O32: 90 | P32: 80 | Q32: 1120 | R32: 465 | S32: 80 | T32: 70 | U32: 120 | V32: 146 | W32: 146 | X32: 450 | Y32: 340 | Z32: 122 | AA32: 137 | AB32: 174 | AC32: 360 | AD32: 120 | AE32: 460 | AF32: 780 | AH32: =SUM(B32:AG32) -> 9078
A34: Fréquentation | B34: =+B32+B27+B24 -> 5350 | C34: =+C32+C27+C24 -> 8310 | D34: =+D32+D27+D24 -> 6130 | E34: =+E32+E27+E24 -> 5510 | F34: =+F32+F27+F24 -> 6760 | G34: =+G32+G27+G24 -> 6340 | H34: =+H32+H27+H24 -> 6040 | I34: =+I32+I27+I24 -> 5710 | ... AF34: =+AF32+AF27+AF24 -> 8780 | AH34: =SUM(B34:AF34) -> 148858
A37: Crépuscule civil | B37: 0.80208333 | C37: 0.80277778 | D37: 0.80416667 | E37: 0.80486111 | F37: 0.80555556 | G37: 0.80694444 | H37: 0.80763889 | I37: 0.80902778 | J37: 0.80972222 | K37: 0.81041667 | L37: 0.81180556 | M37: 0.8125 | N37: 19:032 | O37: 0.81458333 | P37: 0.81527778 | Q37: 0.81666667 | R37: 0.81736111 | S37: 0.81875 | T37: 0.81944444 | U37: 0.82013889 | V37: 0.82152778 | W37: 0.82222222 | X37: 0.82361111 | Y37: 0.82430556 | Z37: 0.825 | AA37: 0.82638889 | AB37: 0.82708333 | AC37: 0.82847222 | AD37: 0.82916667 | AE37: 0.82986111 | AF37: 0.87291667
A38: Type Fréquentation | B38: =+IF(B34<=2500,"BF",IF(AND(B34>2500,B34<=6000),"MF",IF(AND(B34>6000,B34<12000),"HF","THF"))) -> MF | C38: =+IF(C34<=2500,"BF",IF(AND(C34>2500,C34<=6000),"MF",IF(AND(C34>6000,C34<12000),"HF","THF"))) -> HF | D38: =+IF(D34<=2500,"BF",IF(AND(D34>2500,D34<=6000),"MF",IF(AND(D34>6000,D34<12000),"HF","THF"))) -> HF | E38: =+IF(E34<=2500,"BF",IF(AND(E34>2500,E34<=6000),"MF",IF(AND(E34>6000,E34<12000),"HF","THF"))) -> MF | F38: =+IF(F34<=2500,"BF",IF(AND(F34>2500,F34<=6000),"MF",IF(AND(F34>6000,F34<12000),"HF","THF"))) -> HF | G38: =+IF(G34<=2500,"BF",IF(AND(G34>2500,G34<=6000),"MF",IF(AND(G34>6000,G34<12000),"HF","THF"))) -> HF | H38: =+IF(H34<=2500,"BF",IF(AND(H34>2500,H34<=6000),"MF",IF(AND(H34>6000,H34<12000),"HF","THF"))) -> HF | I38: =+IF(I34<=2500,"BF",IF(AND(I34>2500,I34<=6000),"MF",IF(AND(I34>6000,I34<12000),"HF","THF"))) -> MF | ... AF38: =+IF(AF34<=2500,"BF",IF(AND(AF34>2500,AF34<=6000),"MF",IF(AND(AF34>6000,AF34<12000),"HF","THF"))) -> HF
B41: =+B34-B30 -> 5350 | C41: =+C34-C30 -> 8310 | D41: =+D34-D30 -> 6130 | E41: =+E34-E30 -> 5510 | F41: =+F34-F30 -> 6760 | G41: =+G34-G30 -> 6190 | H41: =+H34-H30 -> 6040 | I41: =+I34-I30 -> 5710 | ... AF41: =+AF34-AF30 -> 8780
B42: =+B32-B30 -> 410 | C42: =+C32-C30 -> 330 | D42: =+D32-D30 -> 350 | E42: =+E32-E30 -> 130 | F42: =+F32-F30 -> 170 | G42: =+G32-G30 -> 500 | H42: =+H32-H30 -> 180 | I42: =+I32-I30 -> 500 | ... AF42: =+AF32-AF30 -> 780
B44: =IF(B9="",0,1) -> 1 | C44: =IF(C9="",0,1) -> 1 | D44: =IF(D9="",0,1) -> 1 | E44: =IF(E9="",0,1) -> 1 | F44: =IF(F9="",0,1) -> 1 | G44: =IF(G9="",0,1) -> 1 | H44: =IF(H9="",0,1) -> 1 | I44: =IF(I9="",0,1) -> 1 | ... AF44: =IF(AF9="",0,1) -> 1 | AH44: =SUM(B44:AF44) -> 31
A45: Early acces

Sheet Avril
A1: 45383 | B1: HORAIRES ET PREVISIONS DE FREQUENTATION
A3: Jour | B3: =+A1 -> 45383 | C3: =+B3+1 -> 45384 | D3: =+C3+1 -> 45385 | E3: =+D3+1 -> 45386 | F3: =+E3+1 -> 45387 | G3: =+F3+1 -> 45388 | H3: =+G3+1 -> 45389 | I3: =+H3+1 -> 45390 | J3: =+I3+1 -> 45391 | ... AE3: =+AD3+1 -> 45412
A4: Date | B4: =+A1 -> 45383 | C4: =+B4+1 -> 45384 | D4: =+C4+1 -> 45385 | E4: =+D4+1 -> 45386 | F4: =+E4+1 -> 45387 | G4: =+F4+1 -> 45388 | H4: =+G4+1 -> 45389 | I4: =+H4+1 -> 45390 | J4: =+I4+1 -> 45391 | ... AE4: =+AD4+1 -> 45412
A6: JF | B6: Pâques
A7: VAC | G7: C | H7: C | I7: C | J7: C | K7: C | L7: C | M7: C | N7: AC | O7: AC | P7: AC | Q7: AC | R7: AC | S7: AC | T7: AC | U7: ABC | V7: ABC | W7: AB | X7: AB | Y7: AB | Z7: AB | AA7: AB | AB7: B | AC7: B | AD7: B | AE7: B
A8: H. ouv. Passerelle Hôtel | B8: 0.375 | C8: 0.41666667 | D8: 0.41666667 | E8: 0.41666667 | F8: 0.41666667 | G8: 0.38541667 | H8: 0.38541667 | I8: 0.38541667 | J8: 0.38541667 | K8: 0.38541667 | L8: 0.38541667 | M8: 0.38541667 | N8: 0.38541667 | O8: 0.38541667 | P8: 0.38541667 | Q8: 0.38541667 | R8: 0.38541667 | S8: 0.38541667 | T8: 0.38541667 | U8: 0.38541667 | V8: 0.38541667 | W8: 0.38541667 | X8: 0.38541667 | Y8: 0.38541667 | Z8: 0.38541667 | AA8: 0.38541667 | AB8: 0.38541667 | AC8: 0.38541667 | AD8: 0.38541667 | AE8: 0.38541667
A9: H. ouv. Entrée du Parc | B9: 0.375 | C9: 0.40625 | D9: 0.40625 | E9: 0.40625 | F9: 0.40625 | G9: 0.375 | H9: 0.375 | I9: 0.375 | J9: 0.375 | K9: 0.375 | L9: 0.375 | M9: 0.375 | N9: 0.375 | O9: 0.375 | P9: 0.375 | Q9: 0.375 | R9: 0.375 | S9: 0.375 | T9: 0.375 | U9: 0.375 | V9: 0.375 | W9: 0.375 | X9: 0.375 | Y9: 0.375 | Z9: 0.375 | AA9: 0.375 | AB9: 0.375 | AC9: 0.375 | AD9: 0.375 | AE9: 0.375
A10: H. Ouv. | B10: 0.375 | C10: 0.41666667 | D10: 0.41666667 | E10: 0.41666667 | F10: 0.41666667 | G10: 0.38541667 | H10: 0.38541667 | I10: 0.38541667 | J10: 0.38541667 | K10: 0.38541667 | L10: 0.38541667 | M10: 0.38541667 | N10: 0.38541667 | O10: 0.38541667 | P10: 0.38541667 | Q10: 0.38541667 | R10: 0.38541667 | S10: 0.38541667 | T10: 0.38541667 | U10: 0.38541667 | V10: 0.38541667 | W10: 0.38541667 | X10: 0.38541667 | Y10: 0.38541667 | Z10: 0.38541667 | AA10: 0.38541667 | AB10: 0.38541667 | AC10: 0.38541667 | AD10: 0.38541667 | AE10: 0.38541667
A11: H. Ferm | B11: =IF(B10="","",IF(B15=0,B14+"0:30",+B15+"0:30")) -> 0.90625 | C11: =IF(C10="","",IF(C15=0,C14+"0:30",+C15+"0:30")) -> 0.90625 | D11: =IF(D10="","",IF(D15=0,D14+"0:30",+D15+"0:30")) -> 0.90625 | E11: =IF(E10="","",IF(E15=0,E14+"0:30",+E15+"0:30")) -> 0.90625 | F11: =IF(F10="","",IF(F15=0,F14+"0:30",+F15+"0:30")) -> 0.90625 | G11: =IF(G10="","",IF(G15=0,G14+"0:30",+G15+"0:30")) -> 0.9375 | H11: =IF(H10="","",IF(H15=0,H14+"0:30",+H15+"0:30")) -> 0.9375 | I11: =IF(I10="","",IF(I15=0,I14+"0:30",+I15+"0:30")) -> 0.9375 | ... AE11: =IF(AE10="","",IF(AE15=0,AE14+"0:30",+AE15+"0:30")) -> 0.9375
A12: Ampl. Hor. | B12: =+IF(B10="","",(B11-B10)) -> 0.53125 | C12: =+IF(C10="","",(C11-C10)) -> 0.48958333 | D12: =+IF(D10="","",(D11-D10)) -> 0.48958333 | E12: =+IF(E10="","",(E11-E10)) -> 0.48958333 | F12: =+IF(F10="","",(F11-F10)) -> 0.48958333 | G12: =+IF(G10="","",(G11-G10)) -> 0.55208333 | H12: =+IF(H10="","",(H11-H10)) -> 0.55208333 | I12: =+IF(I10="","",(I11-I10)) -> 0.55208333 | ... AE12: =+IF(AE10="","",(AE11-AE10)) -> 0.55208333 | AG12: =SUM(B12:AE12) -> 16.291667
A14: 1er show | B14: 0.88541667 | C14: 0.88541667 | D14: 0.88541667 | E14: 0.88541667 | F14: 0.88541667 | G14: 0.91666667 | H14: 0.91666667 | I14: 0.91666667 | J14: 0.91666667 | K14: 0.91666667 | L14: 0.91666667 | M14: 0.91666667 | N14: 0.91666667 | O14: 0.91666667 | P14: 0.91666667 | Q14: 0.91666667 | R14: 0.91666667 | S14: 0.91666667 | T14: 0.91666667 | U14: 0.91666667 | V14: 0.91666667 | W14: 0.91666667 | X14: 0.91666667 | Y14: 0.91666667 | Z14: 0.91666667 | AA14: 0.91666667 | AB14: 0.91666667 | AC14: 0.91666667 | AD14: 0.91666667 | AE14: 0.91666667
A15: 2nd show
A16: Show Privatisé
A17: Nb 1er Show | B17: =COUNTIF(B14,">0") -> 1 | C17: =COUNTIF(C14,">0") -> 1 | D17: =COUNTIF(D14,">0") -> 1 | E17: =COUNTIF(E14,">0") -> 1 | F17: =COUNTIF(F14,">0") -> 1 | G17: =COUNTIF(G14,">0") -> 1 | H17: =COUNTIF(H14,">0") -> 1 | I17: =COUNTIF(I14,">0") -> 1 | ... AE17: =COUNTIF(AE14,">0") -> 1
A18: Nb 2eme Show | B18: =COUNTIF(B15,">0") -> 0 | C18: =COUNTIF(C15,">0") -> 0 | D18: =COUNTIF(D15,">0") -> 0 | E18: =COUNTIF(E15,">0") -> 0 | F18: =COUNTIF(F15,">0") -> 0 | G18: =COUNTIF(G15,">0") -> 0 | H18: =COUNTIF(H15,">0") -> 0 | I18: =COUNTIF(I15,">0") -> 0 | ... AE18: =COUNTIF(AE15,">0") -> 0
A19: Nb show privatisé | B19: =COUNTIF(B16,">0") -> 0 | C19: =COUNTIF(C16,">0") -> 0 | D19: =COUNTIF(D16,">0") -> 0 | E19: =COUNTIF(E16,">0") -> 0 | F19: =COUNTIF(F16,">0") -> 0 | G19: =COUNTIF(G16,">0") -> 0 | H19: =COUNTIF(H16,">0") -> 0 | I19: =COUNTIF(I16,">0") -> 0 | ... AE19: =COUNTIF(AE16,">0") -> 0
A20: Nb Spectacles | B20: =SUM(B17:B19) -> 1 | C20: =SUM(C17:C19) -> 1 | D20: =SUM(D17:D19) -> 1 | E20: =SUM(E17:E19) -> 1 | F20: =SUM(F17:F19) -> 1 | G20: =SUM(G17:G19) -> 1 | H20: =SUM(H17:H19) -> 1 | I20: =SUM(I17:I19) -> 1 | ... AE20: =SUM(AE17:AE19) -> 1 | AG20: =SUM(B20:AE20) -> 30
A22: Individuels cash | B22: 1400 | C22: 400 | D22: 400 | E22: 400 | F22: 600 | G22: 1700 | H22: 1200 | I22: 1200 | J22: 1600 | K22: 1600 | L22: 1600 | M22: 1300 | N22: 1900 | O22: 1800 | P22: 2400 | Q22: 2700 | R22: 2400 | S22: 2000 | T22: 1800 | U22: 1900 | V22: 1800 | W22: 2300 | X22: 3100 | Y22: 2900 | Z22: 3000 | AA22: 2000 | AB22: 2300 | AC22: 1900 | AD22: 2300 | AE22: 2400 | AG22: =SUM(B22:AF22) -> 54300
A23: Individuels résa | B23: 2800 | C23: 2000 | D23: 1800 | E23: 1800 | F23: 2200 | G23: 3000 | H23: 2200 | I23: 2200 | J23: 2500 | K23: 2500 | L23: 2500 | M23: 2300 | N23: 3500 | O23: 3500 | P23: 4100 | Q23: 4800 | R23: 4300 | S23: 3800 | T23: 3300 | U23: 3600 | V23: 3400 | W23: 4300 | X23: 6000 | Y23: 5100 | Z23: 5000 | AA23: 3100 | AB23: 3400 | AC23: 3100 | AD23: 4000 | AE23: 4400 | AG23: =SUM(B23:AF23) -> 100500
A24: Total Individuels | B24: 4200 | C24: 2400 | D24: 2200 | E24: 2200 | F24: 2800 | G24: 4700 | H24: 3400 | I24: 3400 | J24: 4100 | K24: 4100 | L24: 4100 | M24: 3600 | N24: 5400 | O24: 5300 | P24: 6500 | Q24: 7500 | R24: 6700 | S24: 5800 | T24: 5100 | U24: 5500 | V24: 5200 | W24: 6600 | X24: 9100 | Y24: 8000 | Z24: 8000 | AA24: 5100 | AB24: 5700 | AC24: 5000 | AD24: 6300 | AE24: 6800 | AG24: =SUM(B24:AF24) -> 154800
A25: Groupes Adultes | B25: 110 | C25: 0 | D25: 0 | E25: 0 | F25: 100 | G25: 770 | H25: 690 | I25: 20 | J25: 60 | K25: 60 | L25: 50 | M25: 230 | N25: 980 | O25: 640 | P25: 60 | Q25: 90 | R25: 0 | S25: 0 | T25: 200 | U25: 500 | V25: 390 | W25: 30 | X25: 0 | Y25: 0 | Z25: 0 | AA25: 0 | AB25: 420 | AC25: 400 | AD25: 0 | AE25: 20 | AG25: =SUM(B25:AF25) -> 5820
A26: Groupes Jeunes | B26: 70 | C26: 870 | D26: 1060 | E26: 1660 | F26: 1220 | G26: 260 | H26: 50 | I26: 280 | J26: 1150 | K26: 1100 | L26: 1480 | M26: 710 | N26: 290 | O26: 300 | P26: 410 | Q26: 1020 | R26: 1060 | S26: 1290 | T26: 820 | U26: 190 | V26: 200 | W26: 500 | X26: 1060 | Y26: 1180 | Z26: 1380 | AA26: 800 | AB26: 20 | AC26: 220 | AD26: 580 | AE26: 790 | AG26: =SUM(B26:AF26) -> 22020
A27: Groupes | B27: 180 | C27: 870 | D27: 1060 | E27: 1660 | F27: 1320 | G27: 1030 | H27: 740 | I27: 300 | J27: 1210 | K27: 1160 | L27: 1530 | M27: 940 | N27: 1270 | O27: 940 | P27: 470 | Q27: 1110 | R27: 1060 | S27: 1290 | T27: 1020 | U27: 690 | V27: 590 | W27: 530 | X27: 1060 | Y27: 1180 | Z27: 1380 | AA27: 800 | AB27: 440 | AC27: 620 | AD27: 580 | AE27: 810 | AG27: =SUM(B27:AF27) -> 27840
A28: Nocturnes | B28: 70 | C28: 10 | D28: 30 | E28: 20 | F28: 20 | G28: 100 | H28: 140 | I28: 100 | J28: 80 | K28: 50 | L28: 80 | M28: 30 | N28: 60 | O28: 130 | P28: 100 | Q28: 100 | R28: 110 | S28: 120 | T28: 120 | U28: 100 | V28: 90 | W28: 60 | X28: 90 | Y28: 100 | Z28: 90 | AA28: 70 | AB28: 100 | AC28: 90 | AD28: 60 | AE28: 50 | AG28: =SUM(B28:AF28) -> 2370
A29: Pass | B29: 140 | C29: 20 | D29: 60 | E29: 30 | F29: 30 | G29: 120 | H29: 170 | I29: 120 | J29: 90 | K29: 60 | L29: 90 | M29: 40 | N29: 70 | O29: 150 | P29: 120 | Q29: 120 | R29: 130 | S29: 160 | T29: 140 | U29: 120 | V29: 110 | W29: 70 | X29: 110 | Y29: 120 | Z29: 110 | AA29: 80 | AB29: 120 | AC29: 110 | AD29: 70 | AE29: 60 | AG29: =SUM(B29:AF29) -> 2940
A30: Tourisme d'Affaires | B30: 0 | C30: 180 | D30: 60 | E30: 120 | F30: 0 | G30: 0 | H30: 0 | I30: 0 | J30: 60 | K30: 600 | L30: 20 | M30: 20 | N30: 650 | O30: 0 | P30: 0 | Q30: 0 | R30: 0 | S30: 0 | T30: 0 | U30: 0 | V30: 0 | W30: 0 | X30: 0 | Y30: 0 | Z30: 0 | AA30: 0 | AB30: 0 | AC30: 0 | AD30: 0 | AE30: 0 | AG30: =SUM(B30:AF30) -> 1710
A31: Invités | B31: 200 | C31: 80 | D31: 160 | E31: 60 | F31: 70 | G31: 240 | H31: 230 | I31: 110 | J31: 110 | K31: 250 | L31: 90 | M31: 100 | N31: 160 | O31: 180 | P31: 150 | Q31: 190 | R31: 170 | S31: 210 | T31: 160 | U31: 210 | V31: 240 | W31: 150 | X31: 220 | Y31: 240 | Z31: 230 | AA31: 370 | AB31: 250 | AC31: 180 | AD31: 180 | AE31: 160 | AG31: =SUM(B31:AF31) -> 5350
A32: Total Divers | B32: 410 | C32: 290 | D32: 310 | E32: 230 | F32: 120 | G32: 460 | H32: 540 | I32: 330 | J32: 340 | K32: 960 | L32: 280 | M32: 190 | N32: 940 | O32: 460 | P32: 370 | Q32: 410 | R32: 410 | S32: 490 | T32: 420 | U32: 430 | V32: 440 | W32: 280 | X32: 420 | Y32: 460 | Z32: 430 | AA32: 520 | AB32: 470 | AC32: 380 | AD32: 310 | AE32: 270 | AG32: =SUM(B32:AF32) -> 12370
A34: Fréquentation | B34: =+B32+B27+B24 -> 4790 | C34: =+C32+C27+C24 -> 3560 | D34: =+D32+D27+D24 -> 3570 | E34: =+E32+E27+E24 -> 4090 | F34: =+F32+F27+F24 -> 4240 | G34: =+G32+G27+G24 -> 6190 | H34: =+H32+H27+H24 -> 4680 | I34: =+I32+I27+I24 -> 4030 | ... AE34: =+AE32+AE27+AE24 -> 7880 | AG34: =SUM(B34:AE34) -> 195010
A37: Crépuscule civil | B37: 0.87361111 | C37: 0.875 | D37: 0.87569444 | E37: 0.87708333 | F37: 0.87777778 | G37: 0.87847222 | H37: 0.87986111 | I37: 0.88055556 | J37: 0.88194444 | K37: 0.88263889 | L37: 0.88402778 | M37: 0.88472222 | N37: 0.88541667 | O37: 0.88680556 | P37: 0.8875 | Q37: 0.88888889 | R37: 0.88958333 | S37: 0.89097222 | T37: 0.89166667 | U37: 0.89305556 | V37: 0.89375 | W37: 0.89513889 | X37: 0.89583333 | Y37: 0.89722222 | Z37: 0.89791667 | AA37: 0.89861111 | AB37: 0.9 | AC37: 0.90069444 | AD37: 0.90208333 | AE37: 0.90277778
A38: Type Fréquentation | B38: =+IF(B34<=2500,"BF",IF(AND(B34>2500,B34<=6000),"MF",IF(AND(B34>6000,B34<12000),"HF","THF"))) -> MF | C38: =+IF(C34<=2500,"BF",IF(AND(C34>2500,C34<=6000),"MF",IF(AND(C34>6000,C34<12000),"HF","THF"))) -> MF | D38: =+IF(D34<=2500,"BF",IF(AND(D34>2500,D34<=6000),"MF",IF(AND(D34>6000,D34<12000),"HF","THF"))) -> MF | E38: =+IF(E34<=2500,"BF",IF(AND(E34>2500,E34<=6000),"MF",IF(AND(E34>6000,E34<12000),"HF","THF"))) -> MF | F38: =+IF(F34<=2500,"BF",IF(AND(F34>2500,F34<=6000),"MF",IF(AND(F34>6000,F34<12000),"HF","THF"))) -> MF | G38: =+IF(G34<=2500,"BF",IF(AND(G34>2500,G34<=6000),"MF",IF(AND(G34>6000,G34<12000),"HF","THF"))) -> HF | H38: =+IF(H34<=2500,"BF",IF(AND(H34>2500,H34<=6000),"MF",IF(AND(H34>6000,H34<12000),"HF","THF"))) -> MF | I38: =+IF(I34<=2500,"BF",IF(AND(I34>2500,I34<=6000),"MF",IF(AND(I34>6000,I34<12000),"HF","THF"))) -> MF | ... AE38: =+IF(AE34<=2500,"BF",IF(AND(AE34>2500,AE34<=6000),"MF",IF(AND(AE34>6000,AE34<12000),"HF","THF"))) -> HF
B41: =+B34-B30 -> 4790 | C41: =+C34-C30 -> 3380 | D41: =+D34-D30 -> 3510 | E41: =+E34-E30 -> 3970 | F41: =+F34-F30 -> 4240 | G41: =+G34-G30 -> 6190 | H41: =+H34-H30 -> 4680 | I41: =+I34-I30 -> 4030 | ... AE41: =+AE34-AE30 -> 7880
B42: =+B32-B30 -> 410 | C42: =+C32-C30 -> 110 | D42: =+D32-D30 -> 250 | E42: =+E32-E30 -> 110 | F42: =+F32-F30 -> 120 | G42: =+G32-G30 -> 460 | H42: =+H32-H30 -> 540 | I42: =+I32-I30 -> 330 | ... AE42: =+AE32-AE30 -> 270
B44: =IF(B9="",0,1) -> 1 | C44: =IF(C9="",0,1) -> 1 | D44: =IF(D9="",0,1) -> 1 | E44: =IF(E9="",0,1) -> 1 | F44: =IF(F9="",0,1) -> 1 | G44: =IF(G9="",0,1) -> 1 | H44: =IF(H9="",0,1) -> 1 | I44: =IF(I9="",0,1) -> 1 | ... AF44: =IF(AF9="",0,1) -> 0 | AG44: =SUM(B44:AF44) -> 30 | AH44: =SUM(B44:AG44) -> 60
A45: Early acces

Sheet Mai
A1: 45413 | B1: HORAIRES ET PREVISIONS DE FREQUENTATION
A3: Jour | B3: =+A1 -> 45413 | C3: =+B3+1 -> 45414 | D3: =+C3+1 -> 45415 | E3: =+D3+1 -> 45416 | F3: =+E3+1 -> 45417 | G3: =+F3+1 -> 45418 | H3: =+G3+1 -> 45419 | I3: =+H3+1 -> 45420 | J3: =+I3+1 -> 45421 | ... AF3: =+AE3+1 -> 45443
A4: Date | B4: =+A1 -> 45413 | C4: =+B4+1 -> 45414 | D4: =+C4+1 -> 45415 | E4: =+D4+1 -> 45416 | F4: =+E4+1 -> 45417 | G4: =+F4+1 -> 45418 | H4: =+G4+1 -> 45419 | I4: =+H4+1 -> 45420 | J4: =+I4+1 -> 45421 | ... AF4: =+AE4+1 -> 45443
A6: JF | B6: Travail | I6: 1945 | J6: Ascension | S6: Pentecôte
A7: VAC | B7: B | C7: B | D7: B | E7: B | F7: B | I7: ABC | J7: ABC | K7: ABC | L7: ABC | M7: ABC
A8: H. ouv. Passerelle Hôtel | B8: 0.38541667 | C8: 0.38541667 | D8: 0.38541667 | E8: 0.38541667 | F8: 0.38541667 | G8: 0.41666667 | H8: 0.41666667 | I8: 0.375 | J8: 0.375 | K8: 0.375 | L8: 0.375 | M8: 0.375 | N8: 0.41666667 | O8: 0.41666667 | P8: 0.41666667 | Q8: 0.41666667 | R8: 0.41666667 | S8: 0.36458333 | T8: 0.35416667 | U8: 0.36458333 | V8: 0.41666667 | W8: 0.41666667 | X8: 0.41666667 | Y8: 0.41666667 | Z8: 0.36458333 | AA8: 0.36458333 | AB8: 0.41666667 | AC8: 0.41666667 | AD8: 0.41666667 | AE8: 0.41666667 | AF8: 0.41666667
A9: H. ouv. Entrée du Parc | B9: 0.375 | C9: 0.375 | D9: 0.375 | E9: 0.375 | F9: 0.375 | G9: 0.40625 | H9: 0.40625 | I9: 0.36458333 | J9: 0.36458333 | K9: 0.36458333 | L9: 0.36458333 | M9: 0.36458333 | N9: 0.40625 | O9: 0.40625 | P9: 0.40625 | Q9: 0.40625 | R9: 0.40625 | S9: 0.36458333 | T9: 0.35416667 | U9: 0.36458333 | V9: 0.40625 | W9: 0.40625 | X9: 0.40625 | Y9: 0.40625 | Z9: 0.36458333 | AA9: 0.36458333 | AB9: 0.40625 | AC9: 0.40625 | AD9: 0.40625 | AE9: 0.40625 | AF9: 0.40625
A10: H. Ouv. | B10: 0.38541667 | C10: 0.38541667 | D10: 0.38541667 | E10: 0.38541667 | F10: 0.38541667 | G10: 0.41666667 | H10: 0.41666667 | I10: 0.375 | J10: 0.375 | K10: 0.375 | L10: 0.375 | M10: 0.375 | N10: 0.41666667 | O10: 0.41666667 | P10: 0.41666667 | Q10: 0.41666667 | R10: 0.41666667 | S10: 0.375 | T10: 0.35416667 | U10: 0.375 | V10: 0.41666667 | W10: 0.41666667 | X10: 0.41666667 | Y10: 0.41666667 | Z10: 0.39583333 | AA10: 0.39583333 | AB10: 0.41666667 | AC10: 0.41666667 | AD10: 0.41666667 | AE10: 0.41666667 | AF10: 0.41666667
A11: H. Ferm | B11: =IF(B10="","",IF(B15=0,B14+"0:30",+B15+"0:30")) -> 0.9375 | C11: =IF(C10="","",IF(C15=0,C14+"0:30",+C15+"0:30")) -> 0.9375 | D11: =IF(D10="","",IF(D15=0,D14+"0:30",+D15+"0:30")) -> 0.9375 | E11: =IF(E10="","",IF(E15=0,E14+"0:30",+E15+"0:30")) -> 0.9375 | F11: =IF(F10="","",IF(F15=0,F14+"0:30",+F15+"0:30")) -> 0.9375 | G11: =IF(G10="","",IF(G15=0,G14+"0:30",+G15+"0:30")) -> 0.9375 | H11: =IF(H10="","",IF(H15=0,H14+"0:30",+H15+"0:30")) -> 0.9375 | I11: =IF(I10="","",IF(I15=0,I14+"0:30",+I15+"0:30")) -> 0.96875 | ... AF11: =IF(AF10="","",IF(AF15=0,AF14+"0:30",+AF15+"0:30")) -> 0.96875
A12: Ampl. Hor. | B12: =+IF(B10="","",(B11-B10)) -> 0.55208333 | C12: =+IF(C10="","",(C11-C10)) -> 0.55208333 | D12: =+IF(D10="","",(D11-D10)) -> 0.55208333 | E12: =+IF(E10="","",(E11-E10)) -> 0.55208333 | F12: =+IF(F10="","",(F11-F10)) -> 0.55208333 | G12: =+IF(G10="","",(G11-G10)) -> 0.52083333 | H12: =+IF(H10="","",(H11-H10)) -> 0.52083333 | I12: =+IF(I10="","",(I11-I10)) -> 0.59375 | ... AF12: =+IF(AF10="","",(AF11-AF10)) -> 0.55208333 | AH12: =SUM(B12:AF12) -> 17.229167
A14: 1er show | B14: 0.91666667 | C14: 0.91666667 | D14: 0.91666667 | E14: 0.91666667 | F14: 0.91666667 | G14: 0.91666667 | H14: 0.91666667 | I14: 0.91666667 | J14: 0.91666667 | K14: 0.91666667 | L14: 0.91666667 | M14: 0.91666667 | N14: 0.92708333 | O14: 0.92708333 | P14: 0.92708333 | Q14: 0.92708333 | R14: 0.92708333 | S14: 0.92708333 | T14: 0.92708333 | U14: 0.92708333 | V14: 0.92708333 | W14: 0.92708333 | X14: 0.92708333 | Y14: 0.92708333 | Z14: 0.94791667 | AA14: 0.94791667 | AB14: 0.94791667 | AC14: 0.94791667 | AD14: 0.94791667 | AE14: 0.94791667 | AF14: 0.94791667
A15: 2nd show | I15: 0.94791667 | J15: 0.94791667 | K15: 0.94791667 | L15: 0.94791667 | S15: 0.95833333 | T15: 0.95833333
A16: Show Privatisé
A17: Nb 1er Show | B17: =COUNTIF(B14,">0") -> 1 | C17: =COUNTIF(C14,">0") -> 1 | D17: =COUNTIF(D14,">0") -> 1 | E17: =COUNTIF(E14,">0") -> 1 | F17: =COUNTIF(F14,">0") -> 1 | G17: =COUNTIF(G14,">0") -> 1 | H17: =COUNTIF(H14,">0") -> 1 | I17: =COUNTIF(I14,">0") -> 1 | ... AF17: =COUNTIF(AF14,">0") -> 1
A18: Nb 2eme Show | B18: =COUNTIF(B15,">0") -> 0 | C18: =COUNTIF(C15,">0") -> 0 | D18: =COUNTIF(D15,">0") -> 0 | E18: =COUNTIF(E15,">0") -> 0 | F18: =COUNTIF(F15,">0") -> 0 | G18: =COUNTIF(G15,">0") -> 0 | H18: =COUNTIF(H15,">0") -> 0 | I18: =COUNTIF(I15,">0") -> 1 | ... AF18: =COUNTIF(AF15,">0") -> 0
A19: Nb show privatisé | B19: =COUNTIF(B16,">0") -> 0 | C19: =COUNTIF(C16,">0") -> 0 | D19: =COUNTIF(D16,">0") -> 0 | E19: =COUNTIF(E16,">0") -> 0 | F19: =COUNTIF(F16,">0") -> 0 | G19: =COUNTIF(G16,">0") -> 0 | H19: =COUNTIF(H16,">0") -> 0 | I19: =COUNTIF(I16,">0") -> 0 | ... AF19: =COUNTIF(AF16,">0") -> 0
A20: Nb Spectacles | B20: =SUM(B17:B19) -> 1 | C20: =SUM(C17:C19) -> 1 | D20: =SUM(D17:D19) -> 1 | E20: =SUM(E17:E19) -> 1 | F20: =SUM(F17:F19) -> 1 | G20: =SUM(G17:G19) -> 1 | H20: =SUM(H17:H19) -> 1 | I20: =SUM(I17:I19) -> 2 | ... AF20: =SUM(AF17:AF19) -> 1 | AH20: =SUM(B20:AF20) -> 37
A22: Individuels cash | B22: 1800 | C22: 2000 | D22: 1800 | E22: 1800 | F22: 1400 | G22: 1600 | H22: 2100 | I22: 3600 | J22: 5700 | K22: 6500 | L22: 4300 | M22: 1000 | N22: 500 | O22: 400 | P22: 400 | Q22: 400 | R22: 600 | S22: 2500 | T22: 3800 | U22: 1000 | V22: 400 | W22: 300 | X22: 300 | Y22: 400 | Z22: 1900 | AA22: 1100 | AB22: 400 | AC22: 400 | AD22: 400 | AE22: 300 | AF22: 350 | AH22: =SUM(B22:AG22) -> 49450
A23: Individuels résa | B23: 2800 | C23: 3400 | D23: 2900 | E23: 2600 | F23: 1800 | G23: 2800 | H23: 3800 | I23: 5700 | J23: 10000 | K23: 11500 | L23: 7300 | M23: 2000 | N23: 700 | O23: 800 | P23: 700 | Q23: 700 | R23: 900 | S23: 4100 | T23: 6100 | U23: 2300 | V23: 800 | W23: 800 | X23: 700 | Y23: 900 | Z23: 3100 | AA23: 1900 | AB23: 800 | AC23: 800 | AD23: 700 | AE23: 800 | AF23: 900 | AH23: =SUM(B23:AG23) -> 85100
A24: Total Individuels | B24: 4600 | C24: 5400 | D24: 4700 | E24: 4400 | F24: 3200 | G24: 4400 | H24: 5900 | I24: 9300 | J24: 15700 | K24: 18000 | L24: 11600 | M24: 3000 | N24: 1200 | O24: 1200 | P24: 1100 | Q24: 1100 | R24: 1500 | S24: 6600 | T24: 9900 | U24: 3300 | V24: 1200 | W24: 1100 | X24: 1000 | Y24: 1300 | Z24: 5000 | AA24: 3000 | AB24: 1200 | AC24: 1200 | AD24: 1100 | AE24: 1100 | AF24: 1250 | AH24: =SUM(B24:AG24) -> 134550
A25: Groupes Adultes | B25: 25 | C25: 0 | D25: 0 | E25: 210 | F25: 120 | G25: 0 | H25: 40 | I25: 200 | J25: 790 | K25: 810 | L25: 480 | M25: 130 | N25: 0 | O25: 0 | P25: 0 | Q25: 0 | R25: 50 | S25: 1580 | T25: 2300 | U25: 480 | V25: 0 | W25: 0 | X25: 40 | Y25: 70 | Z25: 1550 | AA25: 770 | AB25: 0 | AC25: 60 | AD25: 30 | AE25: 50 | AF25: 20 | AH25: =SUM(B25:AG25) -> 9805
A26: Groupes Jeunes | B26: 180 | C26: 1020 | D26: 1090 | E26: 270 | F26: 140 | G26: 1150 | H26: 1710 | I26: 0 | J26: 0 | K26: 0 | L26: 0 | M26: 50 | N26: 940 | O26: 2130 | P26: 1730 | Q26: 1960 | R26: 1080 | S26: 0 | T26: 0 | U26: 50 | V26: 1110 | W26: 1290 | X26: 1740 | Y26: 1580 | Z26: 240 | AA26: 170 | AB26: 820 | AC26: 1940 | AD26: 1710 | AE26: 1790 | AF26: 1800 | AH26: =SUM(B26:AG26) -> 27690
A27: Groupes | B27: 205 | C27: 1020 | D27: 1090 | E27: 480 | F27: 260 | G27: 1150 | H27: 1750 | I27: 200 | J27: 790 | K27: 810 | L27: 480 | M27: 180 | N27: 940 | O27: 2130 | P27: 1730 | Q27: 1960 | R27: 1130 | S27: 1580 | T27: 2300 | U27: 530 | V27: 1110 | W27: 1290 | X27: 1780 | Y27: 1650 | Z27: 1790 | AA27: 940 | AB27: 820 | AC27: 2000 | AD27: 1740 | AE27: 1840 | AF27: 1820 | AH27: =SUM(B27:AG27) -> 37495
